NIFTY_F1,20171003,09:16,9895,9896,9873.55,9877.75,337425
NIFTY_F1,20171003,09:17,9877.55,9879,9871,9874.25,130950
NIFTY_F1,20171003,09:18,9874.25,9877.7,9870,9870,80475
NIFTY_F1,20171003,09:19,9870,9871,9864.95,9868.2,91725
NIFTY_F1,20171003,09:20,9868.45,9874.6,9865.95,9873,57600
NIFTY_F1,20171003,09:21,9874,9876.7,9871.2,9875.75,66075
NIFTY_F1,20171003,09:22,9876.7,9879.7,9875,9877.5,54450
NIFTY_F1,20171003,09:23,9878.3,9878.3,9871.9,9871.9,30000
NIFTY_F1,20171003,09:24,9871.6,9877.05,9870.2,9870.2,30075
NIFTY_F1,20171003,09:25,9870.1,9871.1,9863,9863,48600
NIFTY_F1,20171003,09:26,9863.1,9867.9,9860.2,9861,40200
NIFTY_F1,20171003,09:27,9858,9863.5,9853.2,9853.5,83550
NIFTY_F1,20171003,09:28,9855.05,9862.5,9852,9861.8,73500
NIFTY_F1,20171003,09:29,9859.95,9862,9854,9857.05,42525
NIFTY_F1,20171003,09:30,9857.25,9862,9856.8,9859.25,16125
NIFTY_F1,20171003,09:31,9857.55,9859.95,9853.05,9853.95,38850
NIFTY_F1,20171003,09:32,9853.1,9861.85,9853,9859.9,20325
NIFTY_F1,20171003,09:33,9859.95,9863,9857,9862.2,20475
NIFTY_F1,20171003,09:34,9863,9866.9,9862.55,9866.8,27600
NIFTY_F1,20171003,09:35,9866,9867,9863,9864.95,19875
NIFTY_F1,20171003,09:36,9865.15,9867,9859.05,9860.5,16800
NIFTY_F1,20171003,09:37,9860.5,9862.05,9855.15,9862.05,14475
NIFTY_F1,20171003,09:38,9862.85,9864.6,9853,9853,30000
NIFTY_F1,20171003,09:39,9853,9859.5,9851,9857.55,42525
NIFTY_F1,20171003,09:40,9857.6,9859.55,9851.15,9856.95,24900
NIFTY_F1,20171003,09:41,9857.4,9857.4,9853,9855,19350
NIFTY_F1,20171003,09:42,9854.1,9859.35,9854.1,9859.1,11850
NIFTY_F1,20171003,09:43,9859.05,9861.7,9858.15,9859.05,16950
NIFTY_F1,20171003,09:44,9860,9864.25,9860,9863.2,17175
NIFTY_F1,20171003,09:45,9863.2,9865,9862.3,9864.75,17325
NIFTY_F1,20171003,09:46,9864.85,9865,9858.6,9859,19275
NIFTY_F1,20171003,09:47,9859.95,9859.95,9858,9858,9375
NIFTY_F1,20171003,09:48,9858.05,9864,9858.05,9863.3,11475
NIFTY_F1,20171003,09:49,9863.4,9864.85,9860.5,9862.05,9300
NIFTY_F1,20171003,09:50,9862.8,9863.75,9861,9861.4,9375
NIFTY_F1,20171003,09:51,9862.45,9863,9860,9863,8625
NIFTY_F1,20171003,09:52,9863,9866,9863,9866,19275
NIFTY_F1,20171003,09:53,9865.45,9867.45,9864.25,9865.7,18300
NIFTY_F1,20171003,09:54,9867.1,9867.1,9860,9860,15525
NIFTY_F1,20171003,09:55,9859.15,9867.45,9859.15,9865.55,14775
NIFTY_F1,20171003,09:56,9865.6,9869.95,9864.05,9864.05,30375
NIFTY_F1,20171003,09:57,9864.05,9866,9863.2,9866,8625
NIFTY_F1,20171003,09:58,9865.35,9867,9864.05,9866.9,8475
NIFTY_F1,20171003,09:59,9866.95,9866.95,9862.9,9862.9,7500
NIFTY_F1,20171003,10:00,9863,9863.9,9861.2,9861.2,12975
NIFTY_F1,20171003,10:01,9860.55,9865.75,9860.25,9864.55,9825
NIFTY_F1,20171003,10:02,9864.9,9866.35,9864.2,9864.8,8100
NIFTY_F1,20171003,10:03,9864.95,9865.1,9862.15,9862.15,5625
NIFTY_F1,20171003,10:04,9862.75,9863,9858.25,9858.25,20250
NIFTY_F1,20171003,10:05,9858.9,9859,9856.5,9858.5,17250
NIFTY_F1,20171003,10:06,9857.45,9859.75,9856.25,9857.8,13425
NIFTY_F1,20171003,10:07,9857.6,9857.7,9842.55,9844.8,121425
NIFTY_F1,20171003,10:08,9844.05,9851,9844.05,9848.05,24900
NIFTY_F1,20171003,10:09,9848,9851.95,9847.55,9851.95,12900
NIFTY_F1,20171003,10:10,9851.95,9852.55,9850,9850,10650
NIFTY_F1,20171003,10:11,9851,9851.75,9845,9845,26175
NIFTY_F1,20171003,10:12,9845.95,9848,9842,9844.6,44925
NIFTY_F1,20171003,10:13,9845.85,9847.4,9842,9846,20700
NIFTY_F1,20171003,10:14,9846,9850,9844.4,9849.15,17625
NIFTY_F1,20171003,10:15,9850.1,9852.55,9849.2,9851.05,11325
NIFTY_F1,20171003,10:16,9851.9,9852.8,9850.1,9851.05,9600
NIFTY_F1,20171003,10:17,9852,9856,9852,9855.35,21225
NIFTY_F1,20171003,10:18,9855.4,9856,9853.1,9853.75,9150
NIFTY_F1,20171003,10:19,9852.25,9854.15,9851,9851,17175
NIFTY_F1,20171003,10:20,9851,9851.55,9849.2,9850,11175
NIFTY_F1,20171003,10:21,9850,9852,9850,9850.95,10875
NIFTY_F1,20171003,10:22,9850.95,9850.95,9847.9,9847.9,15000
NIFTY_F1,20171003,10:23,9847.6,9852.35,9846.75,9852,9825
NIFTY_F1,20171003,10:24,9850,9851,9848.95,9849,14100
NIFTY_F1,20171003,10:25,9848.3,9848.45,9846,9848,5400
NIFTY_F1,20171003,10:26,9847.05,9849.25,9847.05,9848.9,7200
NIFTY_F1,20171003,10:27,9848.65,9853.85,9848.65,9852.05,6150
NIFTY_F1,20171003,10:28,9852.9,9855,9850.95,9854.35,12825
NIFTY_F1,20171003,10:29,9854.9,9858,9854.35,9858,12000
NIFTY_F1,20171003,10:30,9857.6,9859,9856.15,9859,7950
NIFTY_F1,20171003,10:31,9857.7,9861.15,9856.1,9856.65,12150
NIFTY_F1,20171003,10:32,9857.55,9858.35,9857.55,9858,5100
NIFTY_F1,20171003,10:33,9858,9859.65,9856.2,9856.5,6300
NIFTY_F1,20171003,10:34,9856.2,9857.2,9856.2,9856.9,4425
NIFTY_F1,20171003,10:35,9857.05,9859.45,9857,9858.1,8025
NIFTY_F1,20171003,10:36,9858.2,9861,9858.2,9860.25,6600
NIFTY_F1,20171003,10:37,9860.1,9860.95,9859.5,9860.1,5850
NIFTY_F1,20171003,10:38,9860.1,9860.8,9858.1,9859,5775
NIFTY_F1,20171003,10:39,9859,9860,9858.2,9859.35,2775
NIFTY_F1,20171003,10:40,9859.05,9859.05,9858,9858.05,3000
NIFTY_F1,20171003,10:41,9858.1,9861.9,9858.1,9861.8,11250
NIFTY_F1,20171003,10:42,9861.55,9863.25,9858.45,9860.55,13200
NIFTY_F1,20171003,10:43,9860.95,9861.6,9859.2,9860.8,6675
NIFTY_F1,20171003,10:44,9860.15,9861,9859.15,9859.15,4125
NIFTY_F1,20171003,10:45,9859.4,9860.7,9858.65,9859.55,4275
NIFTY_F1,20171003,10:46,9859.85,9859.85,9856.2,9856.95,12450
NIFTY_F1,20171003,10:47,9857,9859.6,9857,9858.8,4425
NIFTY_F1,20171003,10:48,9858.1,9859.75,9857.5,9859.75,3000
NIFTY_F1,20171003,10:49,9859.7,9862.45,9859,9862.45,8700
NIFTY_F1,20171003,10:50,9862.45,9866.05,9862,9864,23025
NIFTY_F1,20171003,10:51,9863.6,9865.1,9863.6,9865.1,7875
NIFTY_F1,20171003,10:52,9865.75,9866.7,9864,9864,16725
NIFTY_F1,20171003,10:53,9864.7,9864.7,9862.1,9863.5,7500
NIFTY_F1,20171003,10:54,9862.1,9866.15,9862.1,9865.55,11175
NIFTY_F1,20171003,10:55,9865.85,9865.85,9863.25,9864.8,7725
NIFTY_F1,20171003,10:56,9865.55,9867.55,9860,9862,40275
NIFTY_F1,20171003,10:57,9862.8,9862.8,9861.1,9861.2,5325
NIFTY_F1,20171003,10:58,9862.05,9865.45,9860.5,9860.5,14925
NIFTY_F1,20171003,10:59,9860.5,9861.1,9859.3,9860.1,7050
NIFTY_F1,20171003,11:00,9860.1,9862.7,9860.05,9861.75,8025
NIFTY_F1,20171003,11:01,9861.25,9862.8,9861.2,9861.25,4050
NIFTY_F1,20171003,11:02,9861.25,9861.7,9860.15,9860.2,4425
NIFTY_F1,20171003,11:03,9860.2,9862.7,9859.5,9862.7,8250
NIFTY_F1,20171003,11:04,9862.6,9864.05,9862,9863.95,4050
NIFTY_F1,20171003,11:05,9863.5,9865.8,9863.5,9865.2,10875
NIFTY_F1,20171003,11:06,9865.1,9865.55,9862.3,9865,10050
NIFTY_F1,20171003,11:07,9865,9869.9,9865,9868.65,29325
NIFTY_F1,20171003,11:08,9867.2,9872.95,9867.2,9872,52350
NIFTY_F1,20171003,11:09,9872,9877.75,9872,9872.1,84300
NIFTY_F1,20171003,11:10,9873,9874.2,9872.05,9873.6,18300
NIFTY_F1,20171003,11:11,9873.6,9874.4,9873,9874,21975
NIFTY_F1,20171003,11:12,9874,9874.05,9872,9873.2,18225
NIFTY_F1,20171003,11:13,9873.75,9876.75,9873.45,9876.1,21525
NIFTY_F1,20171003,11:14,9876.25,9877.4,9875.1,9877.4,17850
NIFTY_F1,20171003,11:15,9877.1,9878,9875,9876,19950
NIFTY_F1,20171003,11:16,9876,9879.75,9876,9876.15,57750
NIFTY_F1,20171003,11:17,9876.65,9876.65,9873.3,9874.95,13425
NIFTY_F1,20171003,11:18,9873.5,9875.25,9872.2,9873.15,9750
NIFTY_F1,20171003,11:19,9873.15,9874.85,9872.9,9874.15,13425
NIFTY_F1,20171003,11:20,9874.1,9877.85,9874.1,9874.75,27825
NIFTY_F1,20171003,11:21,9876,9878,9875.55,9878,21975
NIFTY_F1,20171003,11:22,9878,9878.25,9876.5,9877.5,5550
NIFTY_F1,20171003,11:23,9878,9879.05,9877.4,9879.05,11625
NIFTY_F1,20171003,11:24,9879.3,9879.7,9878.45,9879,18900
NIFTY_F1,20171003,11:25,9879,9879.7,9877.8,9878.95,7800
NIFTY_F1,20171003,11:26,9877.5,9878.85,9872.5,9873,50325
NIFTY_F1,20171003,11:27,9874.95,9874.95,9869,9870.95,46500
NIFTY_F1,20171003,11:28,9870,9872,9869.1,9870.95,7800
NIFTY_F1,20171003,11:29,9870.1,9875,9869.1,9872.05,13575
NIFTY_F1,20171003,11:30,9872,9872,9870.2,9871.9,10875
NIFTY_F1,20171003,11:31,9871.9,9875.45,9871.9,9875,7725
NIFTY_F1,20171003,11:32,9874,9876.3,9874,9875,9900
NIFTY_F1,20171003,11:33,9875,9877,9873.55,9875.2,12225
NIFTY_F1,20171003,11:34,9875.25,9876,9874.45,9874.8,4050
NIFTY_F1,20171003,11:35,9874.7,9876.5,9874.7,9875.2,7725
NIFTY_F1,20171003,11:36,9876.5,9877.8,9875,9876,8700
NIFTY_F1,20171003,11:37,9875.35,9877,9874.4,9876.2,8400
NIFTY_F1,20171003,11:38,9876.2,9876.45,9874.65,9875,7500
NIFTY_F1,20171003,11:39,9874.65,9876.2,9873.65,9874,8700
NIFTY_F1,20171003,11:40,9875,9875.7,9870.55,9872.1,23550
NIFTY_F1,20171003,11:41,9872.5,9872.9,9870.4,9870.4,6675
NIFTY_F1,20171003,11:42,9870.2,9873.45,9870.2,9872.2,7725
NIFTY_F1,20171003,11:43,9872.7,9873.5,9871.1,9872.2,4275
NIFTY_F1,20171003,11:44,9872.7,9873.35,9871.45,9872.05,7125
NIFTY_F1,20171003,11:45,9872.75,9873.45,9872,9872.65,4725
NIFTY_F1,20171003,11:46,9873.25,9874.8,9872.95,9873.7,5550
NIFTY_F1,20171003,11:47,9874.05,9874.3,9872.05,9872.05,5325
NIFTY_F1,20171003,11:48,9872,9873.8,9872,9872.7,8775
NIFTY_F1,20171003,11:49,9872.05,9873.4,9869.1,9869.55,13350
NIFTY_F1,20171003,11:50,9869.6,9870.65,9868,9868.05,22650
NIFTY_F1,20171003,11:51,9868.05,9869,9866.7,9869,10350
NIFTY_F1,20171003,11:52,9868.1,9868.1,9865.85,9868,20475
NIFTY_F1,20171003,11:53,9867.85,9872,9867.05,9872,20325
NIFTY_F1,20171003,11:54,9871.35,9873.05,9870.1,9872.5,6975
NIFTY_F1,20171003,11:55,9871.6,9872.45,9870.2,9872.45,6975
NIFTY_F1,20171003,11:56,9873,9873.4,9870,9870.8,21375
NIFTY_F1,20171003,11:57,9871.5,9874.05,9871.35,9873,27150
NIFTY_F1,20171003,11:58,9873.65,9874.85,9871.5,9874.4,29250
NIFTY_F1,20171003,11:59,9874.6,9878.2,9874.6,9878.05,18000
NIFTY_F1,20171003,12:00,9878.05,9879,9876,9876,10650
NIFTY_F1,20171003,12:01,9877,9877,9874.15,9874.15,3975
NIFTY_F1,20171003,12:02,9874,9874.95,9873,9874,5325
NIFTY_F1,20171003,12:03,9875,9876,9873.85,9875.9,5250
NIFTY_F1,20171003,12:04,9876,9877,9875,9875,7725
NIFTY_F1,20171003,12:05,9875.5,9877,9873.05,9873.05,3375
NIFTY_F1,20171003,12:06,9874.1,9876.35,9868.5,9868.5,21075
NIFTY_F1,20171003,12:07,9869.85,9872,9869,9871,11100
NIFTY_F1,20171003,12:08,9870.9,9870.9,9869.1,9870,8775
NIFTY_F1,20171003,12:09,9869.4,9872,9869,9870,10425
NIFTY_F1,20171003,12:10,9870,9872,9870,9871.25,2475
NIFTY_F1,20171003,12:11,9872.2,9872.2,9868.25,9869.9,14325
NIFTY_F1,20171003,12:12,9868.65,9871.65,9868.65,9871.65,7050
NIFTY_F1,20171003,12:13,9871.05,9871.95,9869,9870,9375
NIFTY_F1,20171003,12:14,9870,9870.6,9869,9869,6750
NIFTY_F1,20171003,12:15,9868.75,9868.75,9864.9,9866.8,19425
NIFTY_F1,20171003,12:16,9867,9868.5,9866.2,9868.5,4200
NIFTY_F1,20171003,12:17,9869,9870,9868.4,9868.7,6525
NIFTY_F1,20171003,12:18,9870,9870,9867.7,9867.7,4725
NIFTY_F1,20171003,12:19,9867.6,9869.45,9867.5,9868.1,4725
NIFTY_F1,20171003,12:20,9868.25,9869,9866.5,9866.5,10875
NIFTY_F1,20171003,12:21,9866.95,9868.7,9865.5,9867.95,13200
NIFTY_F1,20171003,12:22,9866.9,9867.9,9864.1,9865.05,20700
NIFTY_F1,20171003,12:23,9866.6,9867.65,9864,9867.65,9225
NIFTY_F1,20171003,12:24,9867.5,9869.8,9866.5,9869.4,2925
NIFTY_F1,20171003,12:25,9868.25,9869.5,9866.25,9868.4,4500
NIFTY_F1,20171003,12:26,9867.6,9869.8,9867.6,9869.8,3150
NIFTY_F1,20171003,12:27,9868.1,9870,9868.1,9869.2,2325
NIFTY_F1,20171003,12:28,9870,9872,9869.5,9872,5625
NIFTY_F1,20171003,12:29,9872,9873.9,9871.3,9872.85,1875
NIFTY_F1,20171003,12:30,9872.3,9874,9872.3,9872.35,5550
NIFTY_F1,20171003,12:31,9872.35,9874.95,9872.25,9873.2,8625
NIFTY_F1,20171003,12:32,9872.35,9873,9872.05,9872.55,2175
NIFTY_F1,20171003,12:33,9874.5,9874.5,9872.6,9872.6,5025
NIFTY_F1,20171003,12:34,9872.6,9873,9872,9872.35,5700
NIFTY_F1,20171003,12:35,9872,9872,9869.95,9869.95,7200
NIFTY_F1,20171003,12:36,9869,9870.55,9868.95,9870.35,9225
NIFTY_F1,20171003,12:37,9870.55,9871.4,9870.15,9871,7500
NIFTY_F1,20171003,12:38,9870.15,9870.15,9868.25,9868.85,2175
NIFTY_F1,20171003,12:39,9869.85,9870.5,9869.35,9870.5,7200
NIFTY_F1,20171003,12:40,9870.05,9871.5,9869.4,9870.5,5025
NIFTY_F1,20171003,12:41,9870,9874.95,9870,9874.95,11475
NIFTY_F1,20171003,12:42,9874.05,9874.95,9873.25,9874,5925
NIFTY_F1,20171003,12:43,9874,9874.9,9873.1,9874.9,9975
NIFTY_F1,20171003,12:44,9874.1,9877.4,9874.1,9877.4,20250
NIFTY_F1,20171003,12:45,9875.85,9877.5,9875.2,9877.3,11250
NIFTY_F1,20171003,12:46,9877.05,9877.4,9876,9876.95,10425
NIFTY_F1,20171003,12:47,9876.1,9876.5,9874.9,9875.65,6825
NIFTY_F1,20171003,12:48,9875.8,9876.7,9875.5,9876,5700
NIFTY_F1,20171003,12:49,9876,9876,9874.55,9875.15,10800
NIFTY_F1,20171003,12:50,9875.85,9875.95,9874.45,9874.45,5025
NIFTY_F1,20171003,12:51,9874.15,9875.35,9873.65,9874.9,6525
NIFTY_F1,20171003,12:52,9875,9875.4,9874.2,9875.4,3600
NIFTY_F1,20171003,12:53,9874.7,9875.5,9873.15,9875.5,6450
NIFTY_F1,20171003,12:54,9875,9875.6,9874.25,9874.8,8550
NIFTY_F1,20171003,12:55,9872.65,9874.05,9872.65,9874,6225
NIFTY_F1,20171003,12:56,9874.05,9874.05,9873.05,9873.25,4875
NIFTY_F1,20171003,12:57,9873,9873,9869,9869.5,14700
NIFTY_F1,20171003,12:58,9870.6,9872,9869.55,9871.1,6300
NIFTY_F1,20171003,12:59,9872,9873.7,9871.6,9873.7,5625
NIFTY_F1,20171003,13:00,9874,9874.8,9870.7,9874.1,11550
NIFTY_F1,20171003,13:01,9874.1,9875.05,9872.9,9874,6900
NIFTY_F1,20171003,13:02,9874,9875,9873.05,9874.05,5775
NIFTY_F1,20171003,13:03,9874.3,9874.5,9868.6,9870,22725
NIFTY_F1,20171003,13:04,9869.95,9870.25,9869.1,9870,9150
NIFTY_F1,20171003,13:05,9870,9870,9868.2,9869,4650
NIFTY_F1,20171003,13:06,9869.2,9870,9865.2,9866.1,12450
NIFTY_F1,20171003,13:07,9862,9863.05,9856.3,9857.25,84300
NIFTY_F1,20171003,13:08,9857.6,9861.1,9857.25,9858.5,29850
NIFTY_F1,20171003,13:09,9859.6,9860.1,9858.2,9859,6750
NIFTY_F1,20171003,13:10,9859.8,9862.85,9859.05,9862.85,12150
NIFTY_F1,20171003,13:11,9861.8,9863.45,9860.1,9860.1,12075
NIFTY_F1,20171003,13:12,9861,9862.95,9859.35,9860.95,10725
NIFTY_F1,20171003,13:13,9861.45,9863.95,9859,9863,11400
NIFTY_F1,20171003,13:14,9863.75,9863.95,9861.5,9862.5,4575
NIFTY_F1,20171003,13:15,9862.5,9864,9862,9862,4800
NIFTY_F1,20171003,13:16,9861.65,9865,9861.25,9864,10950
NIFTY_F1,20171003,13:17,9864.85,9866.5,9864.65,9865.05,7725
NIFTY_F1,20171003,13:18,9865.45,9865.65,9862,9862,7950
NIFTY_F1,20171003,13:19,9862,9864.95,9861.15,9864,6000
NIFTY_F1,20171003,13:20,9864.45,9865.55,9862.05,9862.2,5100
NIFTY_F1,20171003,13:21,9863.45,9863.9,9860.7,9861,7950
NIFTY_F1,20171003,13:22,9861.05,9862.5,9860.1,9860.1,9750
NIFTY_F1,20171003,13:23,9860.1,9860.25,9855.1,9856,31800
NIFTY_F1,20171003,13:24,9856.3,9859.25,9855.1,9856.5,9000
NIFTY_F1,20171003,13:25,9856.25,9858.5,9855.15,9855.15,11475
NIFTY_F1,20171003,13:26,9855.9,9855.9,9852.5,9854,20550
NIFTY_F1,20171003,13:27,9854,9856,9853.05,9854.65,20625
NIFTY_F1,20171003,13:28,9853.9,9854.4,9852.35,9852.35,16350
NIFTY_F1,20171003,13:29,9852.35,9852.35,9845.4,9847.45,79425
NIFTY_F1,20171003,13:30,9845.55,9847.1,9838.2,9845,129075
NIFTY_F1,20171003,13:31,9844,9851,9844,9849.95,35925
NIFTY_F1,20171003,13:32,9850,9853,9848.5,9851.95,16425
NIFTY_F1,20171003,13:33,9850.55,9851.5,9849.9,9851,7050
NIFTY_F1,20171003,13:34,9850.75,9851.5,9843.65,9846.95,19875
NIFTY_F1,20171003,13:35,9845.25,9848.4,9845.25,9848.4,6075
NIFTY_F1,20171003,13:36,9848.4,9848.9,9843.1,9847.05,17850
NIFTY_F1,20171003,13:37,9848.5,9849.85,9846,9846.7,15900
NIFTY_F1,20171003,13:38,9847.95,9851,9846.25,9851,12825
NIFTY_F1,20171003,13:39,9851,9851.75,9847.7,9850.25,13575
NIFTY_F1,20171003,13:40,9850.25,9850.25,9848.5,9849.7,7800
NIFTY_F1,20171003,13:41,9849.95,9850,9845,9845.05,11700
NIFTY_F1,20171003,13:42,9845.95,9845.95,9840.6,9842,29850
NIFTY_F1,20171003,13:43,9842,9846.4,9841.3,9846.4,15525
NIFTY_F1,20171003,13:44,9847,9848.8,9843,9846.15,23400
NIFTY_F1,20171003,13:45,9846.55,9849.5,9845,9849.5,10800
NIFTY_F1,20171003,13:46,9849.45,9849.45,9847.25,9848,18600
NIFTY_F1,20171003,13:47,9848.8,9849.7,9848,9848,4725
NIFTY_F1,20171003,13:48,9848.95,9853,9848.75,9852.2,19500
NIFTY_F1,20171003,13:49,9854.35,9856.45,9852.3,9855,28350
NIFTY_F1,20171003,13:50,9855,9855.9,9853,9854.05,11700
NIFTY_F1,20171003,13:51,9854.5,9854.5,9853.1,9853.1,3825
NIFTY_F1,20171003,13:52,9853.8,9853.8,9849.5,9850,23250
NIFTY_F1,20171003,13:53,9850.05,9851.9,9849.5,9851.9,3900
NIFTY_F1,20171003,13:54,9851.75,9851.9,9850.3,9850.35,9225
NIFTY_F1,20171003,13:55,9850.3,9850.55,9845,9847.9,14100
NIFTY_F1,20171003,13:56,9846.55,9848,9846.55,9847.55,4275
NIFTY_F1,20171003,13:57,9847.55,9851.1,9847,9851.1,4125
NIFTY_F1,20171003,13:58,9851.9,9858,9851.9,9853.25,23400
NIFTY_F1,20171003,13:59,9855.45,9858.3,9854,9856.8,7350
NIFTY_F1,20171003,14:00,9857,9858,9854.8,9855,11100
NIFTY_F1,20171003,14:01,9855,9856.25,9853.15,9853.15,12075
NIFTY_F1,20171003,14:02,9853.55,9854.85,9851,9852,11475
NIFTY_F1,20171003,14:03,9851.3,9852.55,9850.05,9850.1,5325
NIFTY_F1,20171003,14:04,9850.05,9851,9846.5,9848,15300
NIFTY_F1,20171003,14:05,9848.05,9850.6,9845.1,9846,12150
NIFTY_F1,20171003,14:06,9846.25,9847.7,9846,9846.5,9375
NIFTY_F1,20171003,14:07,9846,9849.2,9846,9849.05,9300
NIFTY_F1,20171003,14:08,9849.35,9853.9,9849.35,9851,12375
NIFTY_F1,20171003,14:09,9851.2,9853.95,9848.8,9848.8,9375
NIFTY_F1,20171003,14:10,9849.05,9853.05,9849.05,9850.2,6150
NIFTY_F1,20171003,14:11,9851,9852,9850.3,9851.1,2625
NIFTY_F1,20171003,14:12,9851.05,9856.7,9851.05,9856,13500
NIFTY_F1,20171003,14:13,9856,9857.7,9854.2,9855,16875
NIFTY_F1,20171003,14:14,9857,9857,9854,9854,12150
NIFTY_F1,20171003,14:15,9854.95,9855,9852.3,9852.3,17475
NIFTY_F1,20171003,14:16,9852.05,9853,9850.35,9850.75,7350
NIFTY_F1,20171003,14:17,9851.9,9855.65,9850.2,9853.6,19650
NIFTY_F1,20171003,14:18,9853,9857.5,9853,9856.9,9150
NIFTY_F1,20171003,14:19,9857,9857,9855.4,9855.6,3375
NIFTY_F1,20171003,14:20,9856.7,9858.25,9854.05,9855,9375
NIFTY_F1,20171003,14:21,9854.95,9857.55,9854.95,9856.1,2625
NIFTY_F1,20171003,14:22,9857,9858,9857,9857,2925
NIFTY_F1,20171003,14:23,9857.6,9858.1,9856.1,9856.4,10800
NIFTY_F1,20171003,14:24,9857,9859.35,9857,9858.9,8025
NIFTY_F1,20171003,14:25,9858.25,9864.9,9858.15,9863.9,39975
NIFTY_F1,20171003,14:26,9863.9,9870.5,9863.9,9866.2,78300
NIFTY_F1,20171003,14:27,9866.5,9867.65,9864,9865.45,15450
NIFTY_F1,20171003,14:28,9864.05,9870.35,9864.05,9869.1,19275
NIFTY_F1,20171003,14:29,9869.1,9870,9865.95,9865.95,21675
NIFTY_F1,20171003,14:30,9866,9867,9865,9866.2,6075
NIFTY_F1,20171003,14:31,9866.05,9868,9865.75,9866,4950
NIFTY_F1,20171003,14:32,9866.6,9873.95,9866.6,9873.25,27300
NIFTY_F1,20171003,14:33,9872.05,9873,9871.55,9871.7,19350
NIFTY_F1,20171003,14:34,9871.15,9872,9869.15,9869.15,14400
NIFTY_F1,20171003,14:35,9869,9870,9868.1,9868.8,6525
NIFTY_F1,20171003,14:36,9869,9872.4,9865.75,9865.95,24750
NIFTY_F1,20171003,14:37,9867.1,9868.45,9866.15,9867,7050
NIFTY_F1,20171003,14:38,9868,9869,9867.15,9867.15,2250
NIFTY_F1,20171003,14:39,9867.05,9869.7,9867.05,9869.1,6375
NIFTY_F1,20171003,14:40,9869.1,9869.95,9867.1,9867.3,3075
NIFTY_F1,20171003,14:41,9867.2,9869.4,9867.2,9868.3,5025
NIFTY_F1,20171003,14:42,9868.75,9869.5,9868,9868,5100
NIFTY_F1,20171003,14:43,9867.8,9867.8,9860.2,9862,23925
NIFTY_F1,20171003,14:44,9862,9863.9,9859.15,9859.15,11250
NIFTY_F1,20171003,14:45,9859.15,9860.2,9856.7,9857.25,23925
NIFTY_F1,20171003,14:46,9858,9859.85,9857.25,9859,9525
NIFTY_F1,20171003,14:47,9858.15,9865.3,9858.15,9860.3,11475
NIFTY_F1,20171003,14:48,9859.95,9863,9859.95,9863,2550
NIFTY_F1,20171003,14:49,9863,9863,9860,9860,4350
NIFTY_F1,20171003,14:50,9859.1,9859.95,9858.4,9859.5,9975
NIFTY_F1,20171003,14:51,9859.5,9860.7,9858.7,9860.7,10200
NIFTY_F1,20171003,14:52,9861,9862.85,9858,9858.95,7050
NIFTY_F1,20171003,14:53,9859,9863,9858.5,9862.15,4425
NIFTY_F1,20171003,14:54,9862.35,9864.6,9861.85,9863.55,6000
NIFTY_F1,20171003,14:55,9864.5,9866,9864.5,9865.05,14700
NIFTY_F1,20171003,14:56,9865,9869,9864.6,9869,14775
NIFTY_F1,20171003,14:57,9868,9870.8,9868,9869,17025
NIFTY_F1,20171003,14:58,9868.35,9868.9,9866.1,9866.9,11550
NIFTY_F1,20171003,14:59,9867.5,9869.85,9867,9868.8,9675
NIFTY_F1,20171003,15:00,9868.45,9869.75,9863.65,9863.7,9900
NIFTY_F1,20171003,15:01,9863.1,9867,9863.1,9866.25,10800
NIFTY_F1,20171003,15:02,9866.95,9869.4,9866.95,9869.35,8550
NIFTY_F1,20171003,15:03,9869.55,9870,9866.5,9868.3,11550
NIFTY_F1,20171003,15:04,9868.35,9870,9867.4,9868.15,6675
NIFTY_F1,20171003,15:05,9867,9869.85,9867,9869.15,16800
NIFTY_F1,20171003,15:06,9869.25,9870.85,9868.75,9870.15,10875
NIFTY_F1,20171003,15:07,9870.95,9872.05,9870.6,9872.05,19725
NIFTY_F1,20171003,15:08,9872,9873.9,9870.15,9871.1,27075
NIFTY_F1,20171003,15:09,9871.1,9873.3,9870.1,9872,12750
NIFTY_F1,20171003,15:10,9872.05,9873.3,9872,9872.05,15375
NIFTY_F1,20171003,15:11,9872.6,9873.05,9870.1,9870.5,26925
NIFTY_F1,20171003,15:12,9870.5,9872.2,9870.1,9871,15150
NIFTY_F1,20171003,15:13,9871,9872,9870.1,9871.75,18000
NIFTY_F1,20171003,15:14,9871,9872.55,9871,9871.9,13050
NIFTY_F1,20171003,15:15,9871.95,9871.95,9869.4,9869.4,35175
NIFTY_F1,20171003,15:16,9869.4,9871,9868.55,9869.2,28125
NIFTY_F1,20171003,15:17,9869.25,9869.3,9866.9,9867.45,43950
NIFTY_F1,20171003,15:18,9867.5,9869,9867.4,9868.85,15900
NIFTY_F1,20171003,15:19,9868.25,9869.85,9868,9868,36900
NIFTY_F1,20171003,15:20,9868,9870,9867.85,9870,33225
NIFTY_F1,20171003,15:21,9871.15,9872,9867.25,9868.65,46275
NIFTY_F1,20171003,15:22,9868.7,9870,9868.15,9869.5,34725
NIFTY_F1,20171003,15:23,9869.1,9870,9866,9866.7,34050
NIFTY_F1,20171003,15:24,9866.7,9868.45,9866.05,9868,25800
NIFTY_F1,20171003,15:25,9867.7,9869.2,9867.6,9868,37950
NIFTY_F1,20171003,15:26,9868.15,9868.5,9865,9865,59175
NIFTY_F1,20171003,15:27,9865.05,9865.05,9863.5,9863.5,51675
NIFTY_F1,20171003,15:28,9863.95,9865.9,9863.7,9865.85,60375
NIFTY_F1,20171003,15:29,9865.1,9868,9865.1,9867.75,60825
NIFTY_F1,20171003,15:30,9867.05,9870,9866,9870,74925
NIFTY_F1,20171003,15:31,9866.85,9866.85,9866.85,9866.85,1200
NIFTY_F1,20171003,16:31,9868.45,9868.45,9868.45,9868.45,1
NIFTY_F1,20171004,09:16,9866.3,9883.9,9866.3,9874.1,102225
NIFTY_F1,20171004,09:17,9873.15,9874,9868.55,9870,40125
NIFTY_F1,20171004,09:18,9870,9875,9869.7,9870.25,41475
NIFTY_F1,20171004,09:19,9870.1,9871,9865.1,9866.05,27375
NIFTY_F1,20171004,09:20,9868.15,9874.5,9866.65,9868.1,25125
NIFTY_F1,20171004,09:21,9867.9,9869.7,9864,9866,48150
NIFTY_F1,20171004,09:22,9866,9866,9860.8,9862,60975
NIFTY_F1,20171004,09:23,9862.95,9868.9,9860.4,9867.45,41700
NIFTY_F1,20171004,09:24,9866.1,9872,9866.1,9871.2,25275
NIFTY_F1,20171004,09:25,9871.2,9874.5,9871.2,9874.4,22800
NIFTY_F1,20171004,09:26,9873.75,9873.75,9868.7,9868.8,13425
NIFTY_F1,20171004,09:27,9870.8,9874.4,9869.95,9872.2,16125
NIFTY_F1,20171004,09:28,9871.1,9875.4,9871.1,9874,25050
NIFTY_F1,20171004,09:29,9874,9874.5,9871.35,9873.9,16350
NIFTY_F1,20171004,09:30,9873.9,9875.9,9872,9875.9,15900
NIFTY_F1,20171004,09:31,9876.8,9884.95,9876,9884,99525
NIFTY_F1,20171004,09:32,9884.4,9887.5,9882.5,9885.3,34800
NIFTY_F1,20171004,09:33,9884.85,9885.95,9881.1,9882,30750
NIFTY_F1,20171004,09:34,9882,9885.8,9881.15,9885.8,17550
NIFTY_F1,20171004,09:35,9885,9886.85,9880,9882,21525
NIFTY_F1,20171004,09:36,9881.25,9886.5,9881.25,9883.95,23175
NIFTY_F1,20171004,09:37,9882.55,9886.15,9882.55,9885.9,9375
NIFTY_F1,20171004,09:38,9886,9887.4,9884.7,9885.8,15375
NIFTY_F1,20171004,09:39,9887.15,9889.8,9886.7,9887.15,31575
NIFTY_F1,20171004,09:40,9886.75,9887.8,9884,9886.8,18000
NIFTY_F1,20171004,09:41,9884.9,9887,9884,9887,12225
NIFTY_F1,20171004,09:42,9886,9887,9885,9885,9150
NIFTY_F1,20171004,09:43,9885,9887.8,9884.95,9887,8550
NIFTY_F1,20171004,09:44,9887.8,9892,9887.15,9892,36075
NIFTY_F1,20171004,09:45,9892,9893.5,9891,9892,27525
NIFTY_F1,20171004,09:46,9892,9892.7,9888.3,9889.35,21300
NIFTY_F1,20171004,09:47,9889,9890.6,9889,9890,13500
NIFTY_F1,20171004,09:48,9889.95,9890.4,9887.55,9888.05,15825
NIFTY_F1,20171004,09:49,9888.1,9888.8,9886.55,9887.1,15675
NIFTY_F1,20171004,09:50,9887.15,9888,9886,9886,7575
NIFTY_F1,20171004,09:51,9885.55,9888.75,9885.15,9887.35,12525
NIFTY_F1,20171004,09:52,9887.75,9889.1,9887,9889.1,11250
NIFTY_F1,20171004,09:53,9889.1,9890.6,9888.25,9890.5,8625
NIFTY_F1,20171004,09:54,9890.8,9894.9,9890.5,9894.9,23175
NIFTY_F1,20171004,09:55,9895,9895,9893.35,9893.35,29775
NIFTY_F1,20171004,09:56,9893.8,9894,9891.8,9891.8,24450
NIFTY_F1,20171004,09:57,9891,9894.3,9890.8,9894,16875
NIFTY_F1,20171004,09:58,9894,9894.9,9893.5,9894.6,9600
NIFTY_F1,20171004,09:59,9894.6,9895,9892.5,9893.05,16875
NIFTY_F1,20171004,10:00,9893.05,9894,9892.05,9894,27150
NIFTY_F1,20171004,10:01,9893,9894.5,9892.85,9893.25,6300
NIFTY_F1,20171004,10:02,9894,9904.45,9893.3,9904.45,161700
NIFTY_F1,20171004,10:03,9904.5,9906,9902.15,9903.5,78000
NIFTY_F1,20171004,10:04,9902.8,9909,9902,9906.7,66675
NIFTY_F1,20171004,10:05,9907,9909.95,9904.5,9905,62475
NIFTY_F1,20171004,10:06,9905,9908,9904,9905.7,28500
NIFTY_F1,20171004,10:07,9905.7,9905.95,9902,9902.55,24450
NIFTY_F1,20171004,10:08,9902.75,9902.75,9898.1,9899.05,30975
NIFTY_F1,20171004,10:09,9899.55,9902.25,9897.2,9900.25,21900
NIFTY_F1,20171004,10:10,9900.1,9903.85,9900.1,9903,19875
NIFTY_F1,20171004,10:11,9901.6,9908.05,9901.6,9905.95,37425
NIFTY_F1,20171004,10:12,9905.1,9907,9903.65,9907,12075
NIFTY_F1,20171004,10:13,9907.4,9920,9906.9,9913.5,279900
NIFTY_F1,20171004,10:14,9913,9918,9913,9916.2,53925
NIFTY_F1,20171004,10:15,9916.5,9918.3,9913.1,9913.1,32400
NIFTY_F1,20171004,10:16,9913,9915,9912.25,9914.05,22575
NIFTY_F1,20171004,10:17,9915,9915.55,9913.5,9913.5,18975
NIFTY_F1,20171004,10:18,9913.75,9914,9910.2,9913,34725
NIFTY_F1,20171004,10:19,9913,9918,9912.65,9917,20175
NIFTY_F1,20171004,10:20,9916.1,9918.45,9916.1,9917.9,37050
NIFTY_F1,20171004,10:21,9917.5,9919,9916,9916,31950
NIFTY_F1,20171004,10:22,9915.55,9917.9,9915.5,9915.5,27750
NIFTY_F1,20171004,10:23,9915.5,9916,9913.5,9915.95,17850
NIFTY_F1,20171004,10:24,9915.95,9917.05,9915.5,9917.05,11175
NIFTY_F1,20171004,10:25,9917.45,9917.6,9915,9915,14250
NIFTY_F1,20171004,10:26,9915,9916.8,9913.95,9915,16350
NIFTY_F1,20171004,10:27,9914.15,9915,9913.35,9915,12900
NIFTY_F1,20171004,10:28,9914.55,9918.7,9914.55,9918,17550
NIFTY_F1,20171004,10:29,9918.5,9925,9917.1,9922.55,113850
NIFTY_F1,20171004,10:30,9923.05,9925,9922,9924.9,36900
NIFTY_F1,20171004,10:31,9924.6,9927.75,9923.25,9926,56850
NIFTY_F1,20171004,10:32,9926,9930,9925,9927.5,124800
NIFTY_F1,20171004,10:33,9928.6,9928.9,9924.2,9925,44475
NIFTY_F1,20171004,10:34,9924.15,9925.35,9921.15,9925,41475
NIFTY_F1,20171004,10:35,9925,9926.8,9925,9925.65,24300
NIFTY_F1,20171004,10:36,9925.1,9927.6,9925,9925.4,20700
NIFTY_F1,20171004,10:37,9925.4,9927.6,9925.15,9927.45,22800
NIFTY_F1,20171004,10:38,9927.5,9928.15,9922.5,9924.35,16125
NIFTY_F1,20171004,10:39,9925,9925,9922.1,9923,12600
NIFTY_F1,20171004,10:40,9923,9929.4,9922.1,9929.4,31275
NIFTY_F1,20171004,10:41,9930,9935,9929.5,9933.15,113250
NIFTY_F1,20171004,10:42,9932.1,9933.5,9930.05,9930.15,36600
NIFTY_F1,20171004,10:43,9931.6,9931.85,9928.5,9929.05,24975
NIFTY_F1,20171004,10:44,9929.9,9931,9928.1,9930,34875
NIFTY_F1,20171004,10:45,9929.4,9930,9928.05,9929.05,22350
NIFTY_F1,20171004,10:46,9929.05,9930.15,9925,9925,28800
NIFTY_F1,20171004,10:47,9925,9927,9924.15,9924.6,31725
NIFTY_F1,20171004,10:48,9924.05,9924.05,9920.15,9923.1,41250
NIFTY_F1,20171004,10:49,9923.1,9927.35,9923.1,9925.25,35325
NIFTY_F1,20171004,10:50,9925,9926,9922.65,9924.05,17550
NIFTY_F1,20171004,10:51,9924,9924.45,9920.6,9921,22650
NIFTY_F1,20171004,10:52,9921,9921,9918.1,9919.9,28425
NIFTY_F1,20171004,10:53,9919.55,9922.05,9919.55,9920.5,17400
NIFTY_F1,20171004,10:54,9920.05,9920.15,9918,9919,21000
NIFTY_F1,20171004,10:55,9919,9921,9918.1,9919.65,14025
NIFTY_F1,20171004,10:56,9919.6,9923.7,9918.6,9922,29250
NIFTY_F1,20171004,10:57,9921,9921,9919.5,9919.5,5700
NIFTY_F1,20171004,10:58,9919.5,9920.3,9918,9920,14325
NIFTY_F1,20171004,10:59,9919.85,9922.75,9919.85,9921,10125
NIFTY_F1,20171004,11:00,9921,9921.95,9921,9921.6,7500
NIFTY_F1,20171004,11:01,9921.6,9926.25,9921.05,9922.4,22500
NIFTY_F1,20171004,11:02,9922.85,9926.5,9922,9924.5,16425
NIFTY_F1,20171004,11:03,9924.75,9925,9922.25,9923,9450
NIFTY_F1,20171004,11:04,9923,9925,9921.05,9925,12750
NIFTY_F1,20171004,11:05,9925.5,9925.5,9923,9925,17250
NIFTY_F1,20171004,11:06,9925,9927.95,9925,9926.3,18300
NIFTY_F1,20171004,11:07,9925.1,9926.5,9924.1,9925.5,13950
NIFTY_F1,20171004,11:08,9923.55,9926.05,9923.55,9925,11100
NIFTY_F1,20171004,11:09,9925,9929.9,9925,9929.9,10275
NIFTY_F1,20171004,11:10,9930,9931.5,9928.6,9931,28500
NIFTY_F1,20171004,11:11,9931,9932,9930.5,9931,10875
NIFTY_F1,20171004,11:12,9931.6,9932,9928.5,9930,20400
NIFTY_F1,20171004,11:13,9931,9932.8,9929.75,9932,20475
NIFTY_F1,20171004,11:14,9932.5,9933.5,9930,9932,23550
NIFTY_F1,20171004,11:15,9932,9938,9932,9935.1,112200
NIFTY_F1,20171004,11:16,9935.9,9937.65,9934.6,9936.25,26100
NIFTY_F1,20171004,11:17,9937,9937,9933,9934,14325
NIFTY_F1,20171004,11:18,9934.5,9934.5,9932,9934,18750
NIFTY_F1,20171004,11:19,9933.5,9935,9933,9935,16275
NIFTY_F1,20171004,11:20,9934.7,9935,9932.25,9933,19500
NIFTY_F1,20171004,11:21,9933,9933.25,9932,9932.55,12225
NIFTY_F1,20171004,11:22,9932.7,9933.4,9930.75,9930.75,18075
NIFTY_F1,20171004,11:23,9930.55,9930.55,9927.55,9927.55,17625
NIFTY_F1,20171004,11:24,9927.55,9929,9927.55,9928,19125
NIFTY_F1,20171004,11:25,9928,9929.15,9928,9929,13725
NIFTY_F1,20171004,11:26,9929,9930.5,9928.15,9929.85,12150
NIFTY_F1,20171004,11:27,9930,9930,9928.15,9928.5,6525
NIFTY_F1,20171004,11:28,9928.5,9930.15,9928.3,9930.15,7500
NIFTY_F1,20171004,11:29,9930.5,9930.5,9929,9929.7,7575
NIFTY_F1,20171004,11:30,9929.4,9931.95,9929,9931.75,8775
NIFTY_F1,20171004,11:31,9931.05,9932,9931,9931.05,9975
NIFTY_F1,20171004,11:32,9931.95,9931.95,9929.05,9930,4725
NIFTY_F1,20171004,11:33,9930.05,9930.5,9929,9929,6825
NIFTY_F1,20171004,11:34,9929,9929,9927.25,9928.45,7275
NIFTY_F1,20171004,11:35,9927.65,9929.2,9927,9927,13050
NIFTY_F1,20171004,11:36,9927,9927.95,9926.1,9926.1,27450
NIFTY_F1,20171004,11:37,9926.15,9927,9922.4,9922.6,23550
NIFTY_F1,20171004,11:38,9923,9925.25,9922.55,9925.25,10275
NIFTY_F1,20171004,11:39,9926.5,9927.5,9926.25,9927,8175
NIFTY_F1,20171004,11:40,9927,9929,9926.45,9928,5925
NIFTY_F1,20171004,11:41,9928.85,9928.9,9925.6,9927,7500
NIFTY_F1,20171004,11:42,9927,9931.95,9927,9931.25,11550
NIFTY_F1,20171004,11:43,9931,9933,9930.05,9930.1,7350
NIFTY_F1,20171004,11:44,9930,9931.55,9927.05,9928.5,4350
NIFTY_F1,20171004,11:45,9928.5,9929.75,9927.8,9929,3675
NIFTY_F1,20171004,11:46,9929,9930,9928.5,9930,5100
NIFTY_F1,20171004,11:47,9929.95,9930,9927,9928.6,3975
NIFTY_F1,20171004,11:48,9928.6,9929.95,9928.6,9929,825
NIFTY_F1,20171004,11:49,9930,9930,9928.6,9929.5,2550
NIFTY_F1,20171004,11:50,9929.5,9930,9928.25,9928.25,4800
NIFTY_F1,20171004,11:51,9928.25,9929.9,9927.05,9927.05,1200
NIFTY_F1,20171004,11:52,9927.1,9928.8,9927.05,9928,2775
NIFTY_F1,20171004,11:53,9927.05,9927.85,9923.65,9925.3,21450
NIFTY_F1,20171004,11:54,9924,9925.9,9923.6,9924.55,6600
NIFTY_F1,20171004,11:55,9924.55,9925.5,9924,9924.45,3750
NIFTY_F1,20171004,11:56,9924.05,9927.25,9924.05,9927.05,6375
NIFTY_F1,20171004,11:57,9927,9930,9927,9929.1,12225
NIFTY_F1,20171004,11:58,9929.35,9929.35,9928.1,9928.1,6375
NIFTY_F1,20171004,11:59,9928,9928.8,9924.2,9926.1,12375
NIFTY_F1,20171004,12:00,9925.7,9928.55,9925.5,9926.65,5175
NIFTY_F1,20171004,12:01,9926.65,9927,9925.15,9925.55,5775
NIFTY_F1,20171004,12:02,9925.9,9925.9,9923.55,9924,10275
NIFTY_F1,20171004,12:03,9924,9926,9923.6,9923.6,6825
NIFTY_F1,20171004,12:04,9923.6,9925,9923,9923,7575
NIFTY_F1,20171004,12:05,9923,9926.2,9922.55,9926.2,16725
NIFTY_F1,20171004,12:06,9926.5,9927.25,9924.1,9924.95,9900
NIFTY_F1,20171004,12:07,9924.25,9928,9924.25,9927.3,6225
NIFTY_F1,20171004,12:08,9928,9928,9926.55,9926.9,5100
NIFTY_F1,20171004,12:09,9926.55,9928.15,9926.1,9927.5,4200
NIFTY_F1,20171004,12:10,9927.5,9928.55,9927.05,9927.6,3075
NIFTY_F1,20171004,12:11,9927.55,9928.75,9927.55,9927.75,3825
NIFTY_F1,20171004,12:12,9927.55,9930,9927.55,9930,8550
NIFTY_F1,20171004,12:13,9931.4,9931.4,9928.5,9929.05,15075
NIFTY_F1,20171004,12:14,9929.9,9931,9928.1,9929.1,27825
NIFTY_F1,20171004,12:15,9930.5,9931,9928.5,9930.3,13050
NIFTY_F1,20171004,12:16,9930.3,9931,9929.4,9930.5,5400
NIFTY_F1,20171004,12:17,9930,9930.05,9929.45,9929.45,2025
NIFTY_F1,20171004,12:18,9929.45,9930.45,9929,9929.05,5250
NIFTY_F1,20171004,12:19,9929.05,9930.5,9929,9929.25,3225
NIFTY_F1,20171004,12:20,9930,9930.5,9929.65,9930.45,2850
NIFTY_F1,20171004,12:21,9930.05,9932.45,9930.05,9932,6600
NIFTY_F1,20171004,12:22,9932.45,9932.45,9931.35,9931.35,5400
NIFTY_F1,20171004,12:23,9931.7,9932.5,9931.5,9932,7950
NIFTY_F1,20171004,12:24,9932.45,9932.5,9930,9930.5,13125
NIFTY_F1,20171004,12:25,9930.5,9931.5,9930.15,9931,14325
NIFTY_F1,20171004,12:26,9931.9,9932,9930.75,9931,10800
NIFTY_F1,20171004,12:27,9932,9932,9930.4,9931,8850
NIFTY_F1,20171004,12:28,9931,9931.05,9929.2,9930.75,8850
NIFTY_F1,20171004,12:29,9930.75,9930.75,9927.25,9927.25,4575
NIFTY_F1,20171004,12:30,9927.25,9928.8,9927.05,9927.75,4650
NIFTY_F1,20171004,12:31,9927.25,9927.6,9924.1,9926.75,10650
NIFTY_F1,20171004,12:32,9926,9926.65,9924.6,9925,8775
NIFTY_F1,20171004,12:33,9925,9928.5,9924.6,9928.5,4350
NIFTY_F1,20171004,12:34,9928.5,9931,9928,9930.45,8550
NIFTY_F1,20171004,12:35,9930,9931.5,9927.2,9929.75,11250
NIFTY_F1,20171004,12:36,9928.6,9929.95,9928.35,9928.35,5025
NIFTY_F1,20171004,12:37,9928.3,9928.7,9927.6,9927.6,3075
NIFTY_F1,20171004,12:38,9927.65,9929.05,9926.8,9928,5775
NIFTY_F1,20171004,12:39,9927.5,9928.9,9927.5,9928.05,2250
NIFTY_F1,20171004,12:40,9928.55,9930.05,9928.05,9930.05,4275
NIFTY_F1,20171004,12:41,9930.5,9932.45,9930,9931,14175
NIFTY_F1,20171004,12:42,9931,9931,9929.35,9929.6,5775
NIFTY_F1,20171004,12:43,9929.55,9931.05,9929.55,9930.6,1800
NIFTY_F1,20171004,12:44,9930.6,9932.2,9930.6,9931.25,5925
NIFTY_F1,20171004,12:45,9930.65,9931.2,9930,9930,2025
NIFTY_F1,20171004,12:46,9930,9931.35,9930,9931.35,2625
NIFTY_F1,20171004,12:47,9931,9933,9931,9933,9975
NIFTY_F1,20171004,12:48,9932.5,9934.8,9931.55,9934.8,13050
NIFTY_F1,20171004,12:49,9934,9934.45,9932.15,9933.65,23400
NIFTY_F1,20171004,12:50,9932.6,9938,9932.6,9936.5,30375
NIFTY_F1,20171004,12:51,9936.5,9937,9935,9935.6,9450
NIFTY_F1,20171004,12:52,9935,9935,9932,9932.1,16650
NIFTY_F1,20171004,12:53,9932.25,9933,9929.1,9929.1,14775
NIFTY_F1,20171004,12:54,9929,9930.25,9926.35,9930.05,13350
NIFTY_F1,20171004,12:55,9930.05,9930.9,9928,9928.1,12075
NIFTY_F1,20171004,12:56,9928,9930.95,9928,9930.95,6975
NIFTY_F1,20171004,12:57,9930.3,9931.3,9929.25,9929.25,3000
NIFTY_F1,20171004,12:58,9931,9931,9928,9928,6075
NIFTY_F1,20171004,12:59,9927.3,9928,9926,9927.5,13500
NIFTY_F1,20171004,13:00,9927.5,9928.3,9926,9926,7500
NIFTY_F1,20171004,13:01,9926.95,9928,9926.1,9927.05,4350
NIFTY_F1,20171004,13:02,9927.1,9928.6,9927.05,9928.6,3075
NIFTY_F1,20171004,13:03,9928.5,9929.35,9927.25,9929,5775
NIFTY_F1,20171004,13:04,9928,9928,9925.55,9925.55,14700
NIFTY_F1,20171004,13:05,9925.55,9927.2,9925.55,9926.1,6750
NIFTY_F1,20171004,13:06,9926.05,9927.65,9926,9927.65,3075
NIFTY_F1,20171004,13:07,9927.35,9930,9927.35,9928.1,14850
NIFTY_F1,20171004,13:08,9928.1,9930,9927.1,9927.6,7500
NIFTY_F1,20171004,13:09,9928.85,9928.85,9926.5,9926.5,3600
NIFTY_F1,20171004,13:10,9926.9,9929,9926.55,9927.75,9075
NIFTY_F1,20171004,13:11,9927.7,9928.5,9927,9927.9,2775
NIFTY_F1,20171004,13:12,9928.2,9928.2,9926.55,9927.15,4200
NIFTY_F1,20171004,13:13,9927.15,9928.6,9927,9928.6,21000
NIFTY_F1,20171004,13:14,9929.4,9929.75,9927.8,9927.8,7275
NIFTY_F1,20171004,13:15,9927.3,9929.95,9927.3,9928.7,2100
NIFTY_F1,20171004,13:16,9928,9929,9927.35,9928.15,1725
NIFTY_F1,20171004,13:17,9928.35,9929.5,9928,9928.85,5775
NIFTY_F1,20171004,13:18,9928.75,9928.75,9926.55,9926.55,5925
NIFTY_F1,20171004,13:19,9926.5,9926.55,9925.55,9925.55,5175
NIFTY_F1,20171004,13:20,9925.25,9926.95,9925,9926.95,6150
NIFTY_F1,20171004,13:21,9926.25,9927.4,9925.6,9927.4,16350
NIFTY_F1,20171004,13:22,9927,9931.95,9925.4,9931.3,33075
NIFTY_F1,20171004,13:23,9931.7,9932.8,9929.15,9929.35,9000
NIFTY_F1,20171004,13:24,9931.45,9931.75,9929.2,9929.95,10500
NIFTY_F1,20171004,13:25,9930.9,9931.45,9929.2,9930,4875
NIFTY_F1,20171004,13:26,9930,9930.9,9929.55,9930.9,3075
NIFTY_F1,20171004,13:27,9930.85,9931.35,9930,9930.1,6225
NIFTY_F1,20171004,13:28,9930.05,9931.4,9930,9930.05,3675
NIFTY_F1,20171004,13:29,9930.05,9931.95,9930.05,9931.25,2550
NIFTY_F1,20171004,13:30,9930.2,9932.5,9930.2,9932.1,3900
NIFTY_F1,20171004,13:31,9932.1,9933.75,9931.95,9932.5,3825
NIFTY_F1,20171004,13:32,9932.05,9935,9932.05,9935,8400
NIFTY_F1,20171004,13:33,9934.7,9934.8,9931.15,9931.15,6900
NIFTY_F1,20171004,13:34,9931.15,9932.45,9930.2,9932,5100
NIFTY_F1,20171004,13:35,9932,9933.25,9931.55,9932.5,4650
NIFTY_F1,20171004,13:36,9932.25,9932.85,9931.15,9932.05,4050
NIFTY_F1,20171004,13:37,9932.8,9933,9930.55,9931.65,7650
NIFTY_F1,20171004,13:38,9931.05,9932,9929,9929.7,8325
NIFTY_F1,20171004,13:39,9929.3,9931.1,9929,9929.85,3975
NIFTY_F1,20171004,13:40,9929.3,9931.45,9929.25,9930.5,3975
NIFTY_F1,20171004,13:41,9930.5,9932.6,9930.5,9932.05,3975
NIFTY_F1,20171004,13:42,9932,9932.5,9931.2,9932,2775
NIFTY_F1,20171004,13:43,9932.05,9932.05,9930.5,9932,8400
NIFTY_F1,20171004,13:44,9931.05,9932,9930.4,9931,4275
NIFTY_F1,20171004,13:45,9931.35,9932.4,9931.35,9931.95,3450
NIFTY_F1,20171004,13:46,9932.4,9933,9932,9932,6750
NIFTY_F1,20171004,13:47,9932.05,9932.7,9931,9931,2850
NIFTY_F1,20171004,13:48,9932,9932.2,9930.5,9930.6,1800
NIFTY_F1,20171004,13:49,9931,9931.05,9930.5,9930.5,6825
NIFTY_F1,20171004,13:50,9930.65,9932.7,9930.65,9931.45,3675
NIFTY_F1,20171004,13:51,9931.4,9932.5,9930.75,9930.75,4275
NIFTY_F1,20171004,13:52,9930.75,9932,9930.75,9931.75,2700
NIFTY_F1,20171004,13:53,9931.75,9931.75,9931,9931.55,5925
NIFTY_F1,20171004,13:54,9931.5,9931.5,9928.9,9928.9,10575
NIFTY_F1,20171004,13:55,9928.85,9929.05,9919,9919,62775
NIFTY_F1,20171004,13:56,9919.2,9920.85,9916.05,9920.8,65175
NIFTY_F1,20171004,13:57,9920.85,9922,9917.5,9918.15,24675
NIFTY_F1,20171004,13:58,9918.55,9919.25,9918,9918.6,14025
NIFTY_F1,20171004,13:59,9918.75,9921.3,9918.05,9920,18225
NIFTY_F1,20171004,14:00,9920,9921.4,9919.15,9920.85,6150
NIFTY_F1,20171004,14:01,9921,9921.4,9919,9919,5325
NIFTY_F1,20171004,14:02,9919.65,9920.05,9915.15,9915.15,28125
NIFTY_F1,20171004,14:03,9915.15,9917,9915.15,9915.85,18150
NIFTY_F1,20171004,14:04,9916,9918,9915.35,9916.2,12600
NIFTY_F1,20171004,14:05,9916.2,9919.3,9916.2,9919,5700
NIFTY_F1,20171004,14:06,9919,9919.5,9917.65,9918.55,5175
NIFTY_F1,20171004,14:07,9918.95,9920.8,9918.05,9918.9,13275
NIFTY_F1,20171004,14:08,9918,9919.7,9918,9918.1,5325
NIFTY_F1,20171004,14:09,9918.05,9920.25,9918.05,9919.6,5550
NIFTY_F1,20171004,14:10,9919.6,9920.75,9918.4,9919.05,5775
NIFTY_F1,20171004,14:11,9919.05,9921,9917,9918.1,12750
NIFTY_F1,20171004,14:12,9918.5,9918.5,9913,9913.05,31650
NIFTY_F1,20171004,14:13,9914.8,9916,9913.05,9914,11400
NIFTY_F1,20171004,14:14,9914.85,9918,9914.05,9915.5,17400
NIFTY_F1,20171004,14:15,9917.05,9918.75,9916,9916.3,8400
NIFTY_F1,20171004,14:16,9916.05,9916.5,9911.25,9911.7,35850
NIFTY_F1,20171004,14:17,9911.4,9915,9911.4,9914.8,13650
NIFTY_F1,20171004,14:18,9915,9916.6,9914.2,9916.6,12600
NIFTY_F1,20171004,14:19,9917.8,9920.8,9917.45,9920,14400
NIFTY_F1,20171004,14:20,9919.55,9923.15,9919.55,9921.6,13350
NIFTY_F1,20171004,14:21,9922.75,9927,9922.75,9923.6,24150
NIFTY_F1,20171004,14:22,9924.55,9926.4,9921.95,9921.95,11700
NIFTY_F1,20171004,14:23,9923.7,9924.6,9922,9922.05,4425
NIFTY_F1,20171004,14:24,9923.7,9924.8,9922.7,9924.7,7125
NIFTY_F1,20171004,14:25,9924.7,9927,9923.9,9924.95,7050
NIFTY_F1,20171004,14:26,9924.15,9925.7,9923.35,9924.95,7275
NIFTY_F1,20171004,14:27,9924.1,9925,9917.6,9917.6,7200
NIFTY_F1,20171004,14:28,9917.55,9922.05,9917.55,9919.95,9525
NIFTY_F1,20171004,14:29,9920,9921.5,9918.55,9920,12975
NIFTY_F1,20171004,14:30,9920,9928.5,9920,9921.2,22125
NIFTY_F1,20171004,14:31,9923,9925.25,9910.55,9913,113625
NIFTY_F1,20171004,14:32,9913.65,9924.8,9912.5,9921.15,58200
NIFTY_F1,20171004,14:33,9923.45,9924,9914,9916.95,36525
NIFTY_F1,20171004,14:34,9916.75,9916.75,9905.05,9908.25,76725
NIFTY_F1,20171004,14:35,9908.4,9911,9903.95,9908.5,69600
NIFTY_F1,20171004,14:36,9908,9918.05,9908,9915,52575
NIFTY_F1,20171004,14:37,9915,9923.9,9915,9923.75,40725
NIFTY_F1,20171004,14:38,9923,9928,9922.15,9926.95,46350
NIFTY_F1,20171004,14:39,9927.05,9928.9,9922.5,9928.5,30000
NIFTY_F1,20171004,14:40,9928.85,9947.45,9927.35,9945.6,340500
NIFTY_F1,20171004,14:41,9946.8,9954,9944.5,9945.35,227250
NIFTY_F1,20171004,14:42,9947.35,9947.35,9938.75,9944,105000
NIFTY_F1,20171004,14:43,9945,9947.9,9943.8,9947,47925
NIFTY_F1,20171004,14:44,9947.05,9950,9946,9946.95,43125
NIFTY_F1,20171004,14:45,9946.95,9949,9945.2,9947.1,40950
NIFTY_F1,20171004,14:46,9946.75,9949.4,9943.2,9948.45,23550
NIFTY_F1,20171004,14:47,9948.95,9951.2,9948,9949.95,81750
NIFTY_F1,20171004,14:48,9949.05,9952.8,9942,9942.1,40800
NIFTY_F1,20171004,14:49,9943,9943.95,9937,9942,70800
NIFTY_F1,20171004,14:50,9941.9,9944,9940.4,9944,29700
NIFTY_F1,20171004,14:51,9942.5,9944,9941,9944,21900
NIFTY_F1,20171004,14:52,9944,9944.2,9939.05,9939.05,28500
NIFTY_F1,20171004,14:53,9939,9939.45,9936.2,9938,22350
NIFTY_F1,20171004,14:54,9937.75,9943,9937.75,9939.45,28575
NIFTY_F1,20171004,14:55,9939,9940,9937.15,9939.65,18900
NIFTY_F1,20171004,14:56,9938.8,9946.7,9938.8,9946.7,16275
NIFTY_F1,20171004,14:57,9945.45,9946.8,9942.1,9942.1,13350
NIFTY_F1,20171004,14:58,9943.05,9944.7,9941.55,9942.05,9075
NIFTY_F1,20171004,14:59,9943.6,9943.7,9942,9943.1,4950
NIFTY_F1,20171004,15:00,9943.4,9943.85,9940.15,9942,12825
NIFTY_F1,20171004,15:01,9941.5,9944.5,9937.15,9937.15,32325
NIFTY_F1,20171004,15:02,9935,9937.75,9935,9937.4,19050
NIFTY_F1,20171004,15:03,9937.3,9939.6,9933.2,9934,34500
NIFTY_F1,20171004,15:04,9933.55,9938.3,9933.55,9935,20625
NIFTY_F1,20171004,15:05,9935,9936.5,9934.2,9935.8,22350
NIFTY_F1,20171004,15:06,9934.65,9935.9,9928.95,9930.15,49950
NIFTY_F1,20171004,15:07,9930.55,9931,9926,9926,55050
NIFTY_F1,20171004,15:08,9925.1,9927,9924,9924.2,46350
NIFTY_F1,20171004,15:09,9924.2,9925,9916.75,9919.8,87525
NIFTY_F1,20171004,15:10,9919,9923,9918.55,9919.45,47850
NIFTY_F1,20171004,15:11,9918.05,9919,9912.15,9913,88275
NIFTY_F1,20171004,15:12,9913,9915.8,9911.25,9915.5,69600
NIFTY_F1,20171004,15:13,9915.1,9918.2,9914.35,9917.55,30075
NIFTY_F1,20171004,15:14,9917.9,9921.2,9917,9918.6,49650
NIFTY_F1,20171004,15:15,9918.65,9922.05,9918.15,9920.95,31200
NIFTY_F1,20171004,15:16,9920.65,9922.4,9916.05,9917.95,38550
NIFTY_F1,20171004,15:17,9919.6,9925.15,9917.05,9922.3,38775
NIFTY_F1,20171004,15:18,9922.9,9925,9921.35,9925,38250
NIFTY_F1,20171004,15:19,9924.8,9926,9922.35,9925,37575
NIFTY_F1,20171004,15:20,9925.25,9925.4,9921.65,9922.55,28500
NIFTY_F1,20171004,15:21,9923.15,9926.75,9921.2,9925.1,51000
NIFTY_F1,20171004,15:22,9925,9928.75,9924.8,9928.25,37950
NIFTY_F1,20171004,15:23,9928.05,9933.25,9928,9932.3,64800
NIFTY_F1,20171004,15:24,9931.85,9935.65,9931.8,9935.65,51225
NIFTY_F1,20171004,15:25,9936.8,9938.9,9936,9936.95,61650
NIFTY_F1,20171004,15:26,9938,9942,9938,9942,100200
NIFTY_F1,20171004,15:27,9941,9947,9941,9947,139050
NIFTY_F1,20171004,15:28,9946.8,9946.8,9942,9942,83700
NIFTY_F1,20171004,15:29,9942.1,9943,9941.3,9942.1,65175
NIFTY_F1,20171004,15:30,9942.1,9945.35,9942.1,9944,83550
NIFTY_F1,20171004,15:31,9944.9,9944.9,9944.9,9944.9,75
NIFTY_F1,20171004,16:50,9930.45,9930.45,9930.45,9930.45,1
NIFTY_F1,20171005,09:16,9931,9937.75,9925,9929.4,102300
NIFTY_F1,20171005,09:17,9930,9935.1,9926.65,9934.75,67050
NIFTY_F1,20171005,09:18,9932.7,9936.85,9931.25,9932.2,53175
NIFTY_F1,20171005,09:19,9931.2,9934.05,9930,9930.6,29025
NIFTY_F1,20171005,09:20,9931,9933,9929.65,9931,36900
NIFTY_F1,20171005,09:21,9931,9931,9925.1,9926,39900
NIFTY_F1,20171005,09:22,9926,9929.9,9925,9929.45,40800
NIFTY_F1,20171005,09:23,9929.2,9937,9929.05,9937,45600
NIFTY_F1,20171005,09:24,9936.6,9942.9,9936.1,9942,53100
NIFTY_F1,20171005,09:25,9942,9942.75,9936.25,9938.1,37125
NIFTY_F1,20171005,09:26,9938.1,9940,9937,9938.75,14100
NIFTY_F1,20171005,09:27,9937.5,9938.9,9934.8,9938.8,24600
NIFTY_F1,20171005,09:28,9938.75,9942,9937.2,9942,13275
NIFTY_F1,20171005,09:29,9942,9942.05,9935.2,9936,21375
NIFTY_F1,20171005,09:30,9936.5,9942,9935.3,9941.65,21825
NIFTY_F1,20171005,09:31,9940.8,9941.55,9935.85,9941.55,25500
NIFTY_F1,20171005,09:32,9941.6,9941.75,9938.55,9939,12375
NIFTY_F1,20171005,09:33,9939.6,9939.6,9937.6,9938,10875
NIFTY_F1,20171005,09:34,9937.9,9937.9,9935.55,9935.55,14400
NIFTY_F1,20171005,09:35,9935.95,9935.95,9932,9933,12300
NIFTY_F1,20171005,09:36,9932,9937,9930.8,9936.05,19125
NIFTY_F1,20171005,09:37,9936.05,9938.4,9934.2,9938,9600
NIFTY_F1,20171005,09:38,9937.95,9938.5,9935,9936.6,8625
NIFTY_F1,20171005,09:39,9937.85,9938,9935.15,9935.55,11325
NIFTY_F1,20171005,09:40,9935.6,9937.85,9935.55,9937.45,6975
NIFTY_F1,20171005,09:41,9935.45,9938.5,9935.45,9938.5,7875
NIFTY_F1,20171005,09:42,9938.15,9939.95,9936.2,9936.2,12375
NIFTY_F1,20171005,09:43,9935.9,9938,9935,9935.05,10650
NIFTY_F1,20171005,09:44,9935,9940,9935,9939.25,5625
NIFTY_F1,20171005,09:45,9939.2,9943.95,9938.8,9939.25,20325
NIFTY_F1,20171005,09:46,9938.5,9942,9938.5,9942,10575
NIFTY_F1,20171005,09:47,9941.7,9942,9939.6,9939.6,9300
NIFTY_F1,20171005,09:48,9940,9940,9938,9938.15,7575
NIFTY_F1,20171005,09:49,9939,9942,9939,9942,9825
NIFTY_F1,20171005,09:50,9942.05,9945,9941.5,9944.25,19650
NIFTY_F1,20171005,09:51,9944.2,9949.4,9944,9947.95,44550
NIFTY_F1,20171005,09:52,9947.4,9948.5,9946.1,9947.25,36300
NIFTY_F1,20171005,09:53,9948,9949,9947,9948.4,23175
NIFTY_F1,20171005,09:54,9948.95,9950,9948.4,9950,21825
NIFTY_F1,20171005,09:55,9949.95,9949.95,9946.55,9946.6,17250
NIFTY_F1,20171005,09:56,9947,9950,9947,9950,12600
NIFTY_F1,20171005,09:57,9950,9953,9949.1,9951,29400
NIFTY_F1,20171005,09:58,9950.4,9953,9950.4,9951.85,13125
NIFTY_F1,20171005,09:59,9952.5,9959,9952.5,9955.75,82425
NIFTY_F1,20171005,10:00,9955.75,9955.75,9953.2,9954.2,25875
NIFTY_F1,20171005,10:01,9953.65,9958,9953.65,9957.1,13350
NIFTY_F1,20171005,10:02,9957.1,9965,9957,9962.35,118275
NIFTY_F1,20171005,10:03,9962.8,9963.4,9961.4,9963.3,28125
NIFTY_F1,20171005,10:04,9962.5,9964.95,9962,9963,21750
NIFTY_F1,20171005,10:05,9963,9964.45,9961.1,9961.7,25125
NIFTY_F1,20171005,10:06,9961.65,9962.15,9958.2,9958.75,30975
NIFTY_F1,20171005,10:07,9958.75,9959.05,9957.6,9958.1,23025
NIFTY_F1,20171005,10:08,9958.55,9960,9958,9958.85,18375
NIFTY_F1,20171005,10:09,9958.1,9958.55,9955.4,9955.4,15525
NIFTY_F1,20171005,10:10,9955,9955.2,9953,9953.6,21975
NIFTY_F1,20171005,10:11,9953.6,9954.3,9950.05,9950.5,14475
NIFTY_F1,20171005,10:12,9950.3,9953.4,9950,9952.25,19125
NIFTY_F1,20171005,10:13,9952.8,9954.95,9952.55,9953.95,7350
NIFTY_F1,20171005,10:14,9954.35,9956.9,9953.85,9956.3,10650
NIFTY_F1,20171005,10:15,9956.6,9956.6,9954.3,9954.3,10200
NIFTY_F1,20171005,10:16,9954.9,9956.3,9954.15,9955.35,4650
NIFTY_F1,20171005,10:17,9956,9956,9948.2,9950,23550
NIFTY_F1,20171005,10:18,9949.05,9949.7,9947,9947.95,21075
NIFTY_F1,20171005,10:19,9948,9948,9944,9945.65,32475
NIFTY_F1,20171005,10:20,9945.75,9948,9944.35,9947,14850
NIFTY_F1,20171005,10:21,9947.35,9947.35,9945.2,9947.25,9075
NIFTY_F1,20171005,10:22,9947.5,9949.9,9947.25,9949,20925
NIFTY_F1,20171005,10:23,9948.1,9949,9947.2,9947.3,9300
NIFTY_F1,20171005,10:24,9947.45,9947.95,9945,9947.35,13200
NIFTY_F1,20171005,10:25,9947.35,9948,9945.45,9946.05,7575
NIFTY_F1,20171005,10:26,9946,9946.25,9943.9,9944,9600
NIFTY_F1,20171005,10:27,9943.8,9944.9,9943.6,9944,11250
NIFTY_F1,20171005,10:28,9943,9943,9938.65,9939.55,31275
NIFTY_F1,20171005,10:29,9939.5,9944,9939.05,9942,27000
NIFTY_F1,20171005,10:30,9942,9942,9939.55,9940,11925
NIFTY_F1,20171005,10:31,9941,9941,9932.05,9932.1,42600
NIFTY_F1,20171005,10:32,9932.75,9932.75,9926.55,9927.05,62325
NIFTY_F1,20171005,10:33,9928.95,9929.8,9925.55,9926.95,59325
NIFTY_F1,20171005,10:34,9926.5,9927.45,9922.15,9926,58875
NIFTY_F1,20171005,10:35,9926.65,9929.95,9924.5,9929.3,40650
NIFTY_F1,20171005,10:36,9929.3,9932.9,9928,9932.7,27225
NIFTY_F1,20171005,10:37,9932.55,9934,9930.35,9931.9,25200
NIFTY_F1,20171005,10:38,9930.6,9932.4,9930.05,9930.5,17700
NIFTY_F1,20171005,10:39,9930.55,9932.95,9930,9932.95,9600
NIFTY_F1,20171005,10:40,9932.95,9933.4,9927.9,9927.9,17400
NIFTY_F1,20171005,10:41,9927.7,9927.7,9925.6,9926,17250
NIFTY_F1,20171005,10:42,9925.5,9925.6,9920,9920.1,52425
NIFTY_F1,20171005,10:43,9920,9924.95,9920,9922,32775
NIFTY_F1,20171005,10:44,9922.6,9922.9,9917,9917,46950
NIFTY_F1,20171005,10:45,9916.6,9922,9915.55,9921.85,38325
NIFTY_F1,20171005,10:46,9920,9924.4,9920,9923,18375
NIFTY_F1,20171005,10:47,9923,9923,9921.15,9921.55,11025
NIFTY_F1,20171005,10:48,9922,9924,9921.7,9924,14625
NIFTY_F1,20171005,10:49,9925,9928.35,9924.15,9927.15,18375
NIFTY_F1,20171005,10:50,9927.1,9927.6,9924.65,9924.65,12900
NIFTY_F1,20171005,10:51,9924.85,9925,9923.6,9925,9900
NIFTY_F1,20171005,10:52,9924.3,9925.6,9924,9925,7875
NIFTY_F1,20171005,10:53,9925,9927.35,9924.75,9927.05,9300
NIFTY_F1,20171005,10:54,9927.1,9928.9,9927.05,9928.1,11925
NIFTY_F1,20171005,10:55,9928.15,9929.5,9928.1,9929.15,8550
NIFTY_F1,20171005,10:56,9929.5,9929.5,9925,9925,16275
NIFTY_F1,20171005,10:57,9925,9928,9925,9926.1,9750
NIFTY_F1,20171005,10:58,9926.35,9927.5,9925.25,9926,6375
NIFTY_F1,20171005,10:59,9925.9,9925.9,9923,9923.05,11325
NIFTY_F1,20171005,11:00,9923,9925,9923,9924.55,8775
NIFTY_F1,20171005,11:01,9924.5,9924.5,9919.95,9919.95,21750
NIFTY_F1,20171005,11:02,9918.7,9921.5,9918.55,9920.45,17100
NIFTY_F1,20171005,11:03,9919.9,9920.25,9919,9920.25,8550
NIFTY_F1,20171005,11:04,9921.55,9921.55,9920.05,9921,6525
NIFTY_F1,20171005,11:05,9921.85,9921.85,9916.65,9918.5,23550
NIFTY_F1,20171005,11:06,9919.75,9919.75,9913,9913,35925
NIFTY_F1,20171005,11:07,9914.5,9921.95,9913.05,9921,17850
NIFTY_F1,20171005,11:08,9921,9921.9,9919,9921.9,8475
NIFTY_F1,20171005,11:09,9921.95,9924.15,9921.7,9924.15,15000
NIFTY_F1,20171005,11:10,9924,9924.9,9922.15,9924,7575
NIFTY_F1,20171005,11:11,9924.2,9925,9923.05,9924.8,9300
NIFTY_F1,20171005,11:12,9924.65,9925.95,9924,9924,8025
NIFTY_F1,20171005,11:13,9924.05,9924.25,9921.35,9921.35,8175
NIFTY_F1,20171005,11:14,9920.95,9920.95,9916.65,9917,13950
NIFTY_F1,20171005,11:15,9917,9920.3,9916.8,9919,7350
NIFTY_F1,20171005,11:16,9918.65,9919.9,9917.05,9918.65,10500
NIFTY_F1,20171005,11:17,9919.25,9920.6,9917.1,9920.6,5025
NIFTY_F1,20171005,11:18,9920.7,9920.7,9917.05,9917.55,8025
NIFTY_F1,20171005,11:19,9917,9919,9917,9919,4800
NIFTY_F1,20171005,11:20,9918.95,9923.7,9918.95,9923.7,8775
NIFTY_F1,20171005,11:21,9923.05,9923.5,9920,9923.05,8700
NIFTY_F1,20171005,11:22,9922.4,9923.5,9922,9922,7350
NIFTY_F1,20171005,11:23,9922.2,9923.9,9922.2,9923.9,5025
NIFTY_F1,20171005,11:24,9923.1,9925.95,9923.1,9925.15,12450
NIFTY_F1,20171005,11:25,9925.15,9925.95,9925,9925.25,5775
NIFTY_F1,20171005,11:26,9925.6,9927,9925.5,9926.25,6750
NIFTY_F1,20171005,11:27,9925.8,9927,9925.8,9926.95,2700
NIFTY_F1,20171005,11:28,9927,9927,9925,9925.45,6000
NIFTY_F1,20171005,11:29,9925.9,9926.55,9925.45,9926,5100
NIFTY_F1,20171005,11:30,9926,9926,9922.1,9923.5,6375
NIFTY_F1,20171005,11:31,9922.15,9925.35,9922.15,9925.05,5550
NIFTY_F1,20171005,11:32,9925.05,9925.05,9923.1,9924.8,7650
NIFTY_F1,20171005,11:33,9924,9924,9922.15,9922.5,3750
NIFTY_F1,20171005,11:34,9922.5,9923.85,9922.15,9922.2,2775
NIFTY_F1,20171005,11:35,9923,9923,9922.15,9923,2475
NIFTY_F1,20171005,11:36,9922.5,9925,9922.5,9925,10650
NIFTY_F1,20171005,11:37,9925,9926.25,9921.65,9924.2,12975
NIFTY_F1,20171005,11:38,9924,9925.75,9922.3,9923.35,15300
NIFTY_F1,20171005,11:39,9923.2,9925,9923,9925,4500
NIFTY_F1,20171005,11:40,9922.85,9922.9,9922.35,9922.5,6000
NIFTY_F1,20171005,11:41,9921.25,9922,9918.25,9919.25,15225
NIFTY_F1,20171005,11:42,9919.1,9924.35,9919.1,9922.05,3975
NIFTY_F1,20171005,11:43,9921.1,9922.3,9920,9920.95,5325
NIFTY_F1,20171005,11:44,9920.3,9920.3,9918,9919,7200
NIFTY_F1,20171005,11:45,9919,9920,9918.95,9920,3300
NIFTY_F1,20171005,11:46,9920.1,9920.1,9917,9917,4650
NIFTY_F1,20171005,11:47,9917,9917.7,9915,9915,16650
NIFTY_F1,20171005,11:48,9915.1,9915.3,9912.05,9913,31125
NIFTY_F1,20171005,11:49,9913.05,9914,9911.8,9912.7,23700
NIFTY_F1,20171005,11:50,9912.7,9916.85,9912,9914.8,20625
NIFTY_F1,20171005,11:51,9914.75,9917,9914.1,9916,8175
NIFTY_F1,20171005,11:52,9916,9918,9914.4,9916.6,5550
NIFTY_F1,20171005,11:53,9916.6,9920.05,9916.6,9920.05,6975
NIFTY_F1,20171005,11:54,9921.45,9921.75,9915.5,9918,15825
NIFTY_F1,20171005,11:55,9918,9918.9,9916,9916.1,5625
NIFTY_F1,20171005,11:56,9916.5,9918.65,9915,9917.1,6075
NIFTY_F1,20171005,11:57,9917.55,9918.5,9917,9917.75,2550
NIFTY_F1,20171005,11:58,9917.85,9918.9,9917.1,9918.9,4125
NIFTY_F1,20171005,11:59,9918.9,9921.2,9918.9,9920.9,13200
NIFTY_F1,20171005,12:00,9920,9920,9915,9916.4,14775
NIFTY_F1,20171005,12:01,9916.8,9920.85,9916.3,9916.3,6225
NIFTY_F1,20171005,12:02,9917.9,9918.95,9916.55,9918.45,6000
NIFTY_F1,20171005,12:03,9918.05,9918.95,9915.3,9915.8,4650
NIFTY_F1,20171005,12:04,9915.95,9916.05,9914,9916.05,9375
NIFTY_F1,20171005,12:05,9916.3,9916.95,9914.5,9915.05,6600
NIFTY_F1,20171005,12:06,9915.05,9917.15,9915,9917.15,4650
NIFTY_F1,20171005,12:07,9917.65,9917.65,9915.8,9917,4125
NIFTY_F1,20171005,12:08,9916.65,9917,9916,9916.55,3900
NIFTY_F1,20171005,12:09,9916,9917.15,9915.05,9915.05,7125
NIFTY_F1,20171005,12:10,9915.2,9915.35,9912,9914,10875
NIFTY_F1,20171005,12:11,9913.55,9914.45,9912.4,9913.8,3600
NIFTY_F1,20171005,12:12,9913,9913.8,9912.05,9913.8,5175
NIFTY_F1,20171005,12:13,9912.15,9915,9912.15,9915,6600
NIFTY_F1,20171005,12:14,9915,9916.65,9915,9916.3,5100
NIFTY_F1,20171005,12:15,9916.3,9916.3,9915,9915.35,3975
NIFTY_F1,20171005,12:16,9916.05,9916.05,9913.75,9913.75,9900
NIFTY_F1,20171005,12:17,9914,9917.65,9914,9916.15,8625
NIFTY_F1,20171005,12:18,9916.15,9917,9913.95,9914.2,8775
NIFTY_F1,20171005,12:19,9915,9915,9912.5,9913,5025
NIFTY_F1,20171005,12:20,9913,9916,9913,9916,2475
NIFTY_F1,20171005,12:21,9915.15,9916.2,9914,9914.4,5175
NIFTY_F1,20171005,12:22,9914,9914.85,9912.45,9913.55,12225
NIFTY_F1,20171005,12:23,9914.05,9915,9912.9,9913.55,8475
NIFTY_F1,20171005,12:24,9913.55,9917,9913.25,9916.85,8700
NIFTY_F1,20171005,12:25,9915,9917.15,9915,9915,9750
NIFTY_F1,20171005,12:26,9915.75,9915.75,9913.55,9913.8,6000
NIFTY_F1,20171005,12:27,9915,9919.9,9914.4,9919,9525
NIFTY_F1,20171005,12:28,9919,9921.95,9918.65,9920.95,12450
NIFTY_F1,20171005,12:29,9920.95,9924.95,9920.35,9924.95,33750
NIFTY_F1,20171005,12:30,9927,9927,9920.65,9921,34125
NIFTY_F1,20171005,12:31,9921,9922,9919,9919.9,16350
NIFTY_F1,20171005,12:32,9919.75,9920,9919,9919.85,9750
NIFTY_F1,20171005,12:33,9919.7,9922.95,9919.7,9922.8,3675
NIFTY_F1,20171005,12:34,9922.7,9922.85,9920.1,9920.1,4800
NIFTY_F1,20171005,12:35,9920.05,9922.2,9920,9922,6900
NIFTY_F1,20171005,12:36,9922.9,9927.5,9922,9927.4,21300
NIFTY_F1,20171005,12:37,9925.85,9927.6,9922.45,9923.95,10725
NIFTY_F1,20171005,12:38,9924,9925.4,9922.75,9925.4,2700
NIFTY_F1,20171005,12:39,9925.4,9925.4,9923.15,9924.25,3075
NIFTY_F1,20171005,12:40,9923.5,9923.5,9921,9921,8475
NIFTY_F1,20171005,12:41,9922.35,9922.35,9918,9918,10500
NIFTY_F1,20171005,12:42,9917.75,9917.75,9913.45,9914,21000
NIFTY_F1,20171005,12:43,9916.8,9918.25,9915.15,9917,8400
NIFTY_F1,20171005,12:44,9917,9917,9913.15,9913.8,10425
NIFTY_F1,20171005,12:45,9913.3,9914.5,9913.3,9914.25,2700
NIFTY_F1,20171005,12:46,9914.2,9918.1,9914.2,9918.1,8475
NIFTY_F1,20171005,12:47,9917.5,9920.55,9917.5,9920.55,7425
NIFTY_F1,20171005,12:48,9920.3,9921.75,9918.55,9919.15,4875
NIFTY_F1,20171005,12:49,9919.75,9920,9917.85,9918.25,3750
NIFTY_F1,20171005,12:50,9918.45,9919.7,9918.45,9919.7,2700
NIFTY_F1,20171005,12:51,9920,9921,9920,9920.65,3075
NIFTY_F1,20171005,12:52,9920.65,9922,9920.65,9922,4875
NIFTY_F1,20171005,12:53,9921.9,9925.3,9921.25,9922.8,12000
NIFTY_F1,20171005,12:54,9922.75,9924.5,9922.75,9923,6750
NIFTY_F1,20171005,12:55,9922.25,9924.95,9922.25,9924.95,11175
NIFTY_F1,20171005,12:56,9924.6,9924.6,9923.8,9924.5,31650
NIFTY_F1,20171005,12:57,9924.25,9924.8,9923.05,9923.05,8775
NIFTY_F1,20171005,12:58,9923,9924.05,9922,9922,6825
NIFTY_F1,20171005,12:59,9922.45,9922.5,9919.25,9920,11175
NIFTY_F1,20171005,13:00,9920,9921,9918.75,9920.75,7800
NIFTY_F1,20171005,13:01,9920.15,9920.55,9920,9920.4,6300
NIFTY_F1,20171005,13:02,9920.2,9920.4,9916.6,9916.6,9600
NIFTY_F1,20171005,13:03,9916.45,9919.95,9916.45,9919.95,5400
NIFTY_F1,20171005,13:04,9920,9920.9,9920,9920.9,6150
NIFTY_F1,20171005,13:05,9919.95,9921,9918.75,9920,8550
NIFTY_F1,20171005,13:06,9920,9923.05,9919.1,9923.05,3300
NIFTY_F1,20171005,13:07,9923.45,9923.45,9920,9920,5550
NIFTY_F1,20171005,13:08,9921,9924.65,9921,9924,12900
NIFTY_F1,20171005,13:09,9924,9924.65,9923,9923,11025
NIFTY_F1,20171005,13:10,9923,9923.85,9921.05,9921.05,5625
NIFTY_F1,20171005,13:11,9922,9925,9922,9925,11550
NIFTY_F1,20171005,13:12,9925,9926.5,9923.45,9925,22650
NIFTY_F1,20171005,13:13,9925.15,9927.9,9925,9926.4,15000
NIFTY_F1,20171005,13:14,9926.8,9928.55,9926.5,9928.55,15450
NIFTY_F1,20171005,13:15,9928,9928.85,9925,9925,22200
NIFTY_F1,20171005,13:16,9924.6,9926.5,9922.55,9923,12150
NIFTY_F1,20171005,13:17,9923.85,9925.15,9923,9925,6450
NIFTY_F1,20171005,13:18,9924.55,9925,9924.5,9925,3300
NIFTY_F1,20171005,13:19,9925,9925.5,9924.55,9924.55,3825
NIFTY_F1,20171005,13:20,9924.5,9925,9922.55,9923.4,7650
NIFTY_F1,20171005,13:21,9923.1,9924.65,9922.75,9924.65,1800
NIFTY_F1,20171005,13:22,9924.7,9926.4,9924.7,9924.9,14400
NIFTY_F1,20171005,13:23,9924.9,9924.9,9922.7,9923,4875
NIFTY_F1,20171005,13:24,9922.55,9923.5,9920.5,9920.5,9450
NIFTY_F1,20171005,13:25,9920.05,9921.5,9918.25,9918.25,19725
NIFTY_F1,20171005,13:26,9918.3,9919,9916,9917.1,15825
NIFTY_F1,20171005,13:27,9917,9918.1,9915,9917.5,7950
NIFTY_F1,20171005,13:28,9917.65,9919.4,9916.6,9918.25,3975
NIFTY_F1,20171005,13:29,9918.4,9919.5,9918.4,9919,4200
NIFTY_F1,20171005,13:30,9919.5,9919.8,9917.3,9918.95,8025
NIFTY_F1,20171005,13:31,9917.6,9920.4,9917.6,9918.75,5250
NIFTY_F1,20171005,13:32,9918.85,9919,9918,9918.25,5400
NIFTY_F1,20171005,13:33,9918.5,9920,9918.05,9919,6675
NIFTY_F1,20171005,13:34,9919.15,9919.25,9917.6,9918.45,8700
NIFTY_F1,20171005,13:35,9918.9,9919.55,9918.55,9919.25,4575
NIFTY_F1,20171005,13:36,9919,9919.95,9918.35,9919.65,4125
NIFTY_F1,20171005,13:37,9919.15,9922,9919.05,9921.95,27675
NIFTY_F1,20171005,13:38,9920.5,9921.6,9919.9,9920.7,9450
NIFTY_F1,20171005,13:39,9920.45,9925,9920.45,9925,7125
NIFTY_F1,20171005,13:40,9924.8,9924.9,9920,9922.75,8625
NIFTY_F1,20171005,13:41,9922.15,9923.6,9922.15,9923,12900
NIFTY_F1,20171005,13:42,9922.5,9927.3,9922.5,9924.7,28125
NIFTY_F1,20171005,13:43,9926.35,9929,9925.5,9929,32325
NIFTY_F1,20171005,13:44,9929,9930,9928,9928.5,34575
NIFTY_F1,20171005,13:45,9929,9933.9,9928.4,9933.8,53025
NIFTY_F1,20171005,13:46,9932.45,9937,9932.45,9936,56700
NIFTY_F1,20171005,13:47,9937,9938.35,9934,9935.45,21300
NIFTY_F1,20171005,13:48,9935.45,9935.45,9930.2,9930.65,10800
NIFTY_F1,20171005,13:49,9930.6,9934.45,9930.6,9933,23850
NIFTY_F1,20171005,13:50,9932.15,9936,9932.15,9933,14925
NIFTY_F1,20171005,13:51,9932.15,9933.8,9930.2,9930.65,9150
NIFTY_F1,20171005,13:52,9930.6,9933.8,9930.05,9933,11700
NIFTY_F1,20171005,13:53,9932,9933.5,9932,9932.3,7800
NIFTY_F1,20171005,13:54,9932.1,9932.15,9930.3,9930.8,5400
NIFTY_F1,20171005,13:55,9930.95,9932.05,9929,9929,14400
NIFTY_F1,20171005,13:56,9928.85,9931.75,9928.85,9931.75,11250
NIFTY_F1,20171005,13:57,9931.35,9931.75,9930.85,9930.85,5775
NIFTY_F1,20171005,13:58,9930.8,9933.9,9930.75,9932.75,14250
NIFTY_F1,20171005,13:59,9932.5,9935.2,9932.5,9933.8,15525
NIFTY_F1,20171005,14:00,9933.7,9935,9933.35,9934.25,13200
NIFTY_F1,20171005,14:01,9934.2,9937,9934.05,9937,13200
NIFTY_F1,20171005,14:02,9937,9937,9934.2,9935,15000
NIFTY_F1,20171005,14:03,9935,9937.25,9934.95,9934.95,14100
NIFTY_F1,20171005,14:04,9935,9935.5,9933.7,9934.45,16800
NIFTY_F1,20171005,14:05,9934.5,9934.5,9931,9931,10575
NIFTY_F1,20171005,14:06,9930.65,9932.75,9930.2,9931.95,11850
NIFTY_F1,20171005,14:07,9932.25,9932.5,9930.35,9932.05,10050
NIFTY_F1,20171005,14:08,9933.05,9934,9931,9931,5775
NIFTY_F1,20171005,14:09,9930.55,9931,9920.9,9922,44475
NIFTY_F1,20171005,14:10,9921.4,9923.75,9917.65,9920,41250
NIFTY_F1,20171005,14:11,9920.7,9923,9919.8,9920.55,16125
NIFTY_F1,20171005,14:12,9921,9925,9921,9924.5,8475
NIFTY_F1,20171005,14:13,9925.3,9926.6,9922.3,9923.35,9525
NIFTY_F1,20171005,14:14,9921.5,9924.15,9921.5,9923.4,5775
NIFTY_F1,20171005,14:15,9923.6,9924.6,9923,9923,4425
NIFTY_F1,20171005,14:16,9922.4,9924.05,9921.25,9924.05,12225
NIFTY_F1,20171005,14:17,9923.6,9924.75,9922,9922.5,6825
NIFTY_F1,20171005,14:18,9923,9925.9,9922.9,9925.9,11025
NIFTY_F1,20171005,14:19,9925.9,9925.9,9924,9925.05,5700
NIFTY_F1,20171005,14:20,9923.9,9927.05,9923.9,9925.55,5400
NIFTY_F1,20171005,14:21,9925.8,9927.3,9925.8,9926.2,6675
NIFTY_F1,20171005,14:22,9926,9926.95,9925.1,9926.1,8100
NIFTY_F1,20171005,14:23,9925.15,9926.1,9925.1,9925.9,3150
NIFTY_F1,20171005,14:24,9926.45,9927.6,9922.65,9922.65,11925
NIFTY_F1,20171005,14:25,9922.65,9923.85,9917.95,9920.55,24900
NIFTY_F1,20171005,14:26,9920.55,9921.25,9918,9918,8925
NIFTY_F1,20171005,14:27,9919,9921.6,9919,9921.6,9075
NIFTY_F1,20171005,14:28,9922,9923.7,9921.75,9923.65,6600
NIFTY_F1,20171005,14:29,9925.1,9926.4,9923.65,9925.5,5100
NIFTY_F1,20171005,14:30,9926.4,9926.4,9923,9923,6825
NIFTY_F1,20171005,14:31,9923.95,9925,9920.95,9921.65,6525
NIFTY_F1,20171005,14:32,9922.6,9924.5,9922,9922.6,5400
NIFTY_F1,20171005,14:33,9924,9924,9922.1,9922.1,2625
NIFTY_F1,20171005,14:34,9922.05,9923.9,9922.05,9923.45,5175
NIFTY_F1,20171005,14:35,9923.45,9924,9920.1,9920.1,12375
NIFTY_F1,20171005,14:36,9920.55,9921.5,9919.9,9919.9,5625
NIFTY_F1,20171005,14:37,9919.9,9919.9,9917.7,9918,8700
NIFTY_F1,20171005,14:38,9918,9920.7,9917,9918.1,16125
NIFTY_F1,20171005,14:39,9918.15,9920.35,9918.15,9919.85,5550
NIFTY_F1,20171005,14:40,9920.25,9922.05,9920.25,9921.45,7650
NIFTY_F1,20171005,14:41,9922.75,9924,9922.75,9924,8700
NIFTY_F1,20171005,14:42,9923.9,9924,9922.4,9923.15,10800
NIFTY_F1,20171005,14:43,9923,9925,9922.8,9924.45,12750
NIFTY_F1,20171005,14:44,9924.75,9925,9922.1,9923.3,15900
NIFTY_F1,20171005,14:45,9923.75,9924.35,9923,9923.1,4800
NIFTY_F1,20171005,14:46,9923.1,9923.35,9920.2,9920.7,9675
NIFTY_F1,20171005,14:47,9920.25,9921.5,9920.2,9920.2,20325
NIFTY_F1,20171005,14:48,9920.2,9921,9919.6,9920,12000
NIFTY_F1,20171005,14:49,9920.55,9925.45,9920.55,9924.1,8925
NIFTY_F1,20171005,14:50,9923,9924.95,9922,9922.85,7350
NIFTY_F1,20171005,14:51,9922.6,9924,9921.05,9921.5,5175
NIFTY_F1,20171005,14:52,9921.85,9923.2,9921.85,9922.95,27075
NIFTY_F1,20171005,14:53,9923,9923.5,9921.5,9921.5,4575
NIFTY_F1,20171005,14:54,9922,9923.15,9921,9921.3,8400
NIFTY_F1,20171005,14:55,9920.6,9922,9920,9920,10875
NIFTY_F1,20171005,14:56,9920,9920.4,9918.5,9919,18525
NIFTY_F1,20171005,14:57,9919,9920.1,9917.5,9919.95,11550
NIFTY_F1,20171005,14:58,9919.55,9921.4,9917.65,9917.65,21600
NIFTY_F1,20171005,14:59,9917.65,9920.05,9917.65,9919,8775
NIFTY_F1,20171005,15:00,9918.95,9919,9917.55,9918.5,12975
NIFTY_F1,20171005,15:01,9918.5,9918.75,9916.1,9916.1,34275
NIFTY_F1,20171005,15:02,9916,9917.5,9915.6,9916.1,16575
NIFTY_F1,20171005,15:03,9916.1,9919.6,9916.1,9919.4,12600
NIFTY_F1,20171005,15:04,9920,9921.85,9919,9919,14550
NIFTY_F1,20171005,15:05,9919,9919.45,9917.5,9919.4,6975
NIFTY_F1,20171005,15:06,9919.25,9919.5,9918,9919.1,9975
NIFTY_F1,20171005,15:07,9919,9919,9916.35,9916.35,10425
NIFTY_F1,20171005,15:08,9917.5,9917.5,9916.05,9916.35,10500
NIFTY_F1,20171005,15:09,9916.6,9918.2,9916.5,9917.45,7350
NIFTY_F1,20171005,15:10,9917.45,9917.9,9912.1,9912.1,39825
NIFTY_F1,20171005,15:11,9906.7,9909.1,9903.2,9904.05,198375
NIFTY_F1,20171005,15:12,9903.65,9908.95,9903.35,9907,50775
NIFTY_F1,20171005,15:13,9906.35,9910,9906.35,9909,26850
NIFTY_F1,20171005,15:14,9909.5,9909.9,9903.3,9904,38025
NIFTY_F1,20171005,15:15,9904,9904,9899.95,9900.95,113325
NIFTY_F1,20171005,15:16,9901,9904.8,9899.05,9904.8,81075
NIFTY_F1,20171005,15:17,9904.9,9907.4,9902.4,9903.5,36450
NIFTY_F1,20171005,15:18,9903.5,9908.4,9903.3,9908.4,30975
NIFTY_F1,20171005,15:19,9908.4,9910.9,9908.3,9909,33075
NIFTY_F1,20171005,15:20,9909.5,9910.25,9909,9910.25,17475
NIFTY_F1,20171005,15:21,9910.4,9910.9,9908,9909.65,36675
NIFTY_F1,20171005,15:22,9910,9910.05,9908.25,9908.25,27150
NIFTY_F1,20171005,15:23,9908.1,9908.45,9905,9908.05,45225
NIFTY_F1,20171005,15:24,9908,9910,9907.9,9908,29475
NIFTY_F1,20171005,15:25,9908.55,9910.1,9908,9910,39600
NIFTY_F1,20171005,15:26,9909,9909,9907.9,9908.3,28200
NIFTY_F1,20171005,15:27,9908.2,9908.7,9907,9908,30150
NIFTY_F1,20171005,15:28,9908,9911.3,9908,9911.3,44175
NIFTY_F1,20171005,15:29,9910.45,9912.9,9910.45,9912.5,69225
NIFTY_F1,20171005,15:30,9912.55,9915.4,9912.55,9915,123675
NIFTY_F1,20171005,15:31,9915,9915,9915,9915,75
NIFTY_F1,20171005,16:31,9908.7,9908.7,9908.7,9908.7,1
